,input_text,predict,gold
0,Because you have been steady crawling on your knees again,เพราะคุณคลานคุกเข่าอย่างมั่นคงอีกครั้ง,เพราะเธออาการทรงตัวมาตลอดและเธอก็ล้มลุกคลุกคลานอีกครั้ง
1,Pretty girl wiggle and wine your body,ผู้หญิงสวยกระดิกและไวน์ร่างกายของคุณ,สาวสวยขยับร่างกายเธอหน่อยสิ
2,Six Feet Below,หกฟุตด้านล่าง,ลงไปในหลุมแล้ว
3,Had to hit the Heisman on ya homies,ต้องตีเพื่อนบนhomies,เดี๋ยวหารางวัลHeismanมาให้นะ
4,Look I am still around,ดูว่าฉันยังอยู่แถวๆนี้นะ,แต่ดูสิฉันก็ยังคงอยู่ตรงนี้
5, I am tugging at my hair,ฉันกําลังดึงผมของฉัน,ฉันกระชากผมตัวเอง
6,Got the TV loud,ได้ทีวีเสียงดัง,เปิดทีวีดังๆ
7,We 40 deep in the lobby,พวกเรา40ลึกลงไปในล็อบบี้,เพราะเรามากัน40คนในล็อบบี้
8, Now this will be the last time you did me wrong,ตอนนี้จะเป็นครั้งสุดท้ายที่คุณทําให้ฉันผิด,นี่จะเป็นครั้งสุดท้ายที่เธอทำผิดกับฉัน
9,I am meanin’ to tell you,ฉันลังเลที่จะบอกเธอนะ,ฉันตั้งใจจะบอกเธอนะ
10,You used me as a fragment of your grand design hey,เธอใช้ฉันเป็นฉากของการออกแบบที่ยิ่งใหญ่ของเธอ,เธอใช้ฉันเป็นเศษเสี้ยวของการออกแบบอันยิ่งใหญ่ของเธอ
11,I am waging war against everyone,ฉันกําลังทําสงครามกับทุกคน,ฉันก่อสงครามกับทุกๆคน
12,And maybe take a ride to the other side,แล้วก็อาจจะนั่งไปอีกฝั่งนึง,และบางทีอาจจะอยากข้ามไปอีกฟากฝั่งหนึ่ง
13,Just one last time,แค่ครั้งที่แล้วจ้ะ,ขอแค่ครั้งสุดท้ายก็พอ
14,Who flies,ใครแมลงวันอ่ะ,ใครจะโบนบินไป
15,Why cannot I,ทําไมฉันถึงไม่ได้อ่ะ,ไม่ได้หรอ
16,What you have given me,เธอให้อะไรกับฉันเหรอ,สิ่งที่เธอให้ฉันมาไปได้หรอก
17,Can I get it right now Uh,ขอตอนนี้เลยเอ๊ะ,ตอนนี้เลยได้มั้ย
18,Baby it is alright you are born to fly ,ที่รักมันไม่เป็นไรเธอเกิดเพื่อบิน,ที่ัรักไม่เป็นไรหรอกเธอเกิดมาเพื่อออกบิน
19,But we both know that deep down,แต่เราทั้งคู่รู้ดีว่าลึกลงไป,เมื่อเราสองต่างรู้ดีว่าลึกลงไปในใจเรา
20,Do not say I am all that matters,อย่าบอกว่าฉันเป็นทุกอย่างที่สําคัญ,อย่าบอกว่าฉันสำคัญนักเลย
21,I fuck her like my enemy,ฉันบ้าหล่อนเหมือนศัตรูของฉัน,ฉันจะปล้ำเธอให้เหมือนเป็นศัตรูเลย
22,Like a pagan to anyone who will take me to heaven,เช่นเดียวกับศาสนากับทุกคนที่จะพาฉันไปสวรรค์,เหมือนกับคนนอกศาสนาที่ร้องขอใครก็ได้ที่จะพาฉันขึ้นสวรรค์
23,Okay yeah I am insane,โอเคใช่ฉันบ้าอ่ะ,ฉันมันบ้าไปแล้ว
24,I am not a fortune teller,ฉันไม่ใช่คนโชคดี,ฉันไม่ใช่หมอดูนี่นา
25,Get it low,ทําให้มันต่ํา,ย่อลงต่ำๆ
26, I can play,ฉันสามารถเล่นได้,ฉันจะเล่น
27,We are just starting we are learning to fly,พวกเราเพิ่งเริ่มพวกเรากําลังเรียนรู้ที่จะบิน,เราพึ่งเริ่มกันเท่านั้นเองเรากำลังเรียนรู้ที่จะโบยบิน
28,The way you put it down in between the sheets,วิธีที่คุณวางมันลงระหว่างแผ่นงาน,วิธีที่เธอทำหน้าที่ของเธอใต้ผ้าห่ม
29,And I cannot seem to find the way I am s’posed to go,และฉันไม่สามารถหาวิธีที่ฉันไปได้,และฉันก็ไม่สามารถหาทางที่ฉันควรจะไปได้เลย
30,And a little piece of him is in a little piece of me,และเขาเป็นชิ้นเล็กๆสําหรับฉัน,และเศษเสี้ยวของเขาก็ยังอยู่ในเศษเสี้ยวของฉัน
31,Be yours be my dear,ของเธอเป็นที่รักของฉัน,ฉันเป็นของเธอเธอเป็นสุดที่รักของฉัน
32, Deep in the trench of the crossfire,ลึกในคูน้ํา,ลึกลงไปในหลุมระหว่างสนามรบ
33, Show me love sometimes when you give it you do not always get it,แสดงให้ฉันเห็นความรักบางครั้งเมื่อคุณให้มันคุณจะไม่ได้รับมันเสมอไป,แสดงความรักให้ฉันเห็นทีบางครั้งเมื่อเราให้มันออกไปเราก็ไม่ได้รับกลับมาหรอกนะ
34,I know i got a lot to learn,ฉันรู้ว่าฉันได้เรียนรู้มากมาย,ฉันรู้ว่ามีอะไรอีกมากมายให้ฉันได้เรียนรู้
35,It  turns out everywhere you go‚ you take yourself‚ that is not a lie,ปรากฎว่าเธออยู่ทุกหนทุกหนทุกแห่งและเธอขึ้นรถเมล์นั่นไม่ใช่เรื่องโกหก,มันกลายเป็นว่าทุกๆที่ที่เราไปเราก็เอาตัวตนของเราเองไปด้วยเสมอนั่นไม่ใช่เรื่องโกหก
36,There is something that you really got to know,มีบางสิ่งที่คุณต้องรู้จริงๆ,มีบางสิ่งที่เธอควรรู้ไว้
37,Beach sides where we are going to be,หาดข้างเคียงที่เราจะไป,เราจะไปอยู่กันที่ริมหาด
38,Because you are the fucking reason that I am not around,เพราะเธอเป็นเหตุผลที่บ้าจริงที่ฉันไม่ได้อยู่แถวนี้,เพราะเธอคือเหตุผลที่ฉันไม่อยู่ต่อไปแล้ว
39,The last of you still infects my every move,คนสุดท้ายของเธอยังชอบนะทุกๆการเคลื่อนไหวของฉัน,เศษเสี้ยวสุดท้ายของเธอยังคงติดตามไปในทุกๆย่างก้าวของฉัน
40,I have been waiting for my whole life to grow old,ฉันรอมาตลอดชีวิตที่จะโตขึ้น,ฉันเฝ้ารอมาทั้งชีวิตที่จะได้เติบโต
41,Up my choochoo,ตื่นสายของฉันละ,กับ…ของฉันนะ
42,Just another day,แค่วันอื่นค่ะ,เป็นเหมือนอีกวันหนึ่ง
43,And you are all alone looking out the window,และคุณมองออกไปนอกหน้าต่างคนเดียว,ตามลำพังมองออกไปนอกหน้าต่าง
44,Shitty of you to makе me feel just like this,จูบเธอนะทําให้ฉันรู้สึกเหมือนสิ่งนี้,เธอมันแย่จริงๆที่ทำให้ฉันรู้สึกแบบนี้
45,I beach your demons now wipe off your Sandy back,ฉันหาปีศาจของคุณตอนนี้เช็ดแซนดี้ของคุณกลับ,แล้วก็ช่วยจัดการกับปีศาจของเธอ
46,And The first one to run,และคนแรกที่จะวิ่ง,และก็เป็นคนแรกที่ได้ออกวิ่งไปในวงการนี้
47,She want to go and party she want to go and party,หล่อนอยากไปปาร์ตี้และไปปาร์ตี้,ฉันได้ยินมาว่าเธออยากจะไปปาร์ตี้
48,Treat you no other way,เลี้ยงเธอไม่มีทางอื่นนะ,และฉันจะปฏิบัติกับเธอ
49, We are strong alone with all my riches round me ,เราอยู่คนเดียวที่แข็งแกร่งกับความมั่งคั่งของฉันรอบตัวฉัน,เรานั้นแข็งแกร่งอยู่ตัวคนเดียวเมื่อมีความร่ำรวยอยู่รอบๆ
50,I am thinking of things that I just cannot abide ,ฉันกําลังคิดถึงสิ่งที่ฉันไม่สามารถปฏิบัติตามได้,ฉันกำลังคิดถึงสิ่งที่ฉันทนไม่ไหวจริงๆ
51,calling christian and gloria,โทรคริสเตียนแอนด์โปรเจ็ค,เรียกคริสเตียนกับกลอเรียออกมา
52,How strange that I do not know you at all,แปลกแค่ไหนที่ฉันไม่รู้จักคุณเลย,น่าแปลกที่ฉันไม่รู้จักเธอเลยแม้แต่นิด
53,Starting With Me,เริ่มจากฉัน,เริ่มจากตัวเอง
54,Buy myself all of my favorite things Yeah,ซื้อตัวเองสิ่งที่ฉันโปรดปรานทั้งหมดใช่,ซื้อทุกอย่างที่ตัวเองชอบ
55,Stay the night out by the beach house,อยู่ข้างนอกบ้านริมชายหาด,ค้างอีกคืนหนึ่งที่บ้านพักริมหาด
56,So I took all I had and I put in allin,ดังนั้นฉันจึงเอาทุกอย่างที่ฉันมีและฉันใส่ในsc.com,ฉันจึงคว้าทุกๆสิ่งที่มีและทุ่มสุดตัว
57,Do not get me wrong because ,อย่าเข้าใจฉันผิดเพราะ,อย่าเข้าใจฉันผิด
58,And if you take my pulse right now,และถ้าคุณใช้ชีพจรของฉันตอนนี้,หากเธอสัมผัสเสียงหัวใจของฉันได้
59,I throw it back like hair lines that is balding ,ฉันโยนมันกลับเหมือนเส้นผมที่2,เหวี่ยงยัยนั่นไปข้างหลังเหมือนสะบัดผมไป
60,And I sure do hope that you feel like I do,และฉันมั่นใจว่าคุณจะรู้สึกเหมือนฉัน,และฉันหวังว่าเธอจะรู้สึกเหมือนฉัน
61,Since I can say I love myself as well,เนื่องจากฉันสามารถพูดได้ว่าฉันรักตัวเองเช่นกัน,ตั้งแต่ที่ฉันพูดได้ว่าฉันรักตัวเองเหมือนกัน
62,I must have done it half a dozen times,ฉันต้องทํามันครึ่งโหล,แต่จริงๆทำมาหกครั้งได้แล้วมั้ง
63,Them games are not going to play none,เกมของพวกเขาจะไม่เล่นเลย,เกมของพวกนั้นฉันจะไม่ไปยุ่งเกีย่วอีกแล้ว
64,Is it cruel or kind,มันโหดร้ายหรือใจดี,นี่มันคือการทรมาณหรือใจดีต่อกันนะ
65,And I am still that same boy i was,และฉันก็ยังเป็นเด็กคนเดียวกันที่ฉันเป็น,ฉันก็ยังคงเป็นเหมือนเดิม
66,So listen to my heartbeat beat beat,ดังนั้นฟังจังหวะเต้นหัวใจของฉัน,ฟังเสียงหัวใจฉันสิ
67,And now when our hearts are in it,และตอนนี้เมื่อหัวใจของเราอยู่ในนั้น,หัวใจของเราก็เชื่อมต่อกันแล้ว
68,Let Us ruin his life instead,ให้เราทําลายชีวิตของเขาแทน,มาทำลายชีวิตเขาแทนดีกว่า
69, She is standing in the heart of darkness,เธอกําลังยืนอยู่ในใจของความมืด,เธอยืนอยู่ในใจกลางของความมืดมิด
70,Brodie know to take it to trial they got to prove it,คุณโบรดี้รู้ที่จะเอามันไปทดลองใช้พวกเขาต้องพิสูจน์มัน,เพื่อนๆฉันรู้ว่าทำยังไงถึงจะไปขึ้นศาลได้และก็พิสูจน์ความบริสุทธิ์ได้ด้วย
71,Of a different Frame of Mind,ในกรอบต่างๆของจิตใจ,ของสภาวะจิตใจที่ต่างออกไป
72, I stretch for the sky,ฉันยืดท้องฟ้า,ฉันพยายามเอื้อมไปให้ถึงท้องฟ้า
73,But if we can hump dead animals and antelopes,แต่ถ้าเราสามารถทดสอบสัตว์ที่ตายแล้วและantelopes,แต่หากเราร่วมเพศกับสัตว์ตายแล้วแบบในเพลงของTomGreenได้
74,Did you win,เธอชนะไหมอ่ะ,เธอจะชนะรึเปล่า
75,You are going to keep dancing you up all night,เธอจะคอยเต้นเธอตลอดคืน,เธอจะเต้นรำไปตลอดทั้งคืน
76,That if I hurt someone else,ถ้าฉันทําร้ายคนอื่น,ว่าถ้าหากฉันทำร้ายใคร
77,This is for them 50s something is ,สําหรับพวกเขา50บางสิ่งบางอย่างคือ,สำหรับอายุ50ขึ้นไป
78,to let my doubts go,ที่จะปล่อยให้ฉันสงสัยว่าไป,กว่าฉันจะปราศจากข้อสงสัยในตัวเธอ
79,Staring at your pictures till the shadows fade,ถ่ายภาพของคุณจนเงาจางหายไป,กับการจ้องมองรูปภาพของเธอจนเงามืดนั้นเลือนลางไป
80,Our love could run the world,ความรักของเราสามารถดําเนินโลกได้,ความรักของเราจะครองโลกนี้
81,And all he kept saying was,และสิ่งที่เขาพูดต่อไปก็คือ,แล้วเขาก็พูดว่า
82,You were standing in the wake of devastation,คุณยืนอยู่ในความหายนะ,เธอยืนอยู่บนห้วงแห่งการทำลายล้าง
83,We walked in the rain a couple blocks to your apartment,เราเดินในสายฝนสองสามบล็อกไปยังอพาร์ทเมนต์ของคุณ,เราเดินฝ่าฝนไปสองช่วงตึกเพื่อไปอพาร์ตเมนต์ของเธอ
84,Where I will dissolve,ฉันจะละลายที่ไหน,ที่ที่ฉันจะละลาย
85, No one will take the fall,ไม่มีใครจะล้ม,ไม่มีใครยอมรับผิดหรอก
86,We are going to let our hair hang down,เราจะปล่อยให้ผมของเราห้อยลง,จะปล่อยผมให้หมด
87,Steak knife,มีดสเต็ก,ซื้อมีดหั่นสเต็ก
88,But all that I have got to know,แต่สิ่งที่ฉันต้องรู้ทั้งหมด,แต่สิ่งที่ฉันอยากจะรู้ให้ได้ก็คือ
89,Because I feel it too,เพราะฉันรู้สึกเหมือนกัน,เพราะฉันก็รู้สึกเหมือนเธอ
90,She is taken enough,เธอถูกกินพอแล้ว,เธอทนมามากพอแล้ว
91, Feeling sleeping in the field again,รู้สึกอยากนอนในสนามอีกครั้ง,รู้สึกหลับใหลอยู่ในทุ่งหญ้าอีกครั้ง
92,We are Your children,เราเป็นลูกคุณค่ะ,เราคือลูกหลานของท่าน
93, I accept full responsibility for all the wrong I have done,ฉันยอมรับความรับผิดชอบเต็มรูปแบบสําหรับความผิดพลาดทั้งหมดที่ฉันได้ทํา,ฉันจะรับผิดชอบความผิดที่ฉันทำลงไปทั้งหมดเอง
94,What we did last night,เมื่อคืนพวกเราทําอะไรกันอ่ะ,สิ่งที่เราทำกันเมื่อคืน
95,How do you feel about me,คุณรู้สึกอย่างไรกับฉัน,เธอรู้สึกยังไงกับฉันหรอ
96, Oh the morning sun in all its glory,โอ้พระอาทิตย์เช้าในความรุ่งโรจน์,ดวงตะวันยามเช้าในความรุ่งโรจน์
97,Try for me live for me,พยายามให้ฉันมีชีวิตอยู่สําหรับฉัน,พยายามเพื่อผมใช้ชีวิตเพื่อผม
98, Faster faster you will not go far,เร็วขึ้นคุณจะไม่ไปไกล,เร็วขึ้นอีกเร็วขึ้นอีกเธอไปได้ไม่ไกลหรอก
99,Does it feel like everything’s just like,มันให้ความรู้สึกเหมือนเป็นเด็กๆหรือเปล่า,มันรู้สึกเหมือนว่าทุกอย่างน่ะ
100,On your shoulder on your shoulder,บนไหล่ของคุณบนไหล่ของคุณ,เมื่อมีบ่าของเธอ
101,You get nothing for nothing,คุณไม่ได้รับอะไรเลย,แกจะไม่ได้อะไรสำหรับสิ่งที่ไร้ค่าหรอกนะ
102,Tatted my face quit my job went broke went broke went broke,(หัวเราะ)ใบหน้าของฉันออกจากงานของฉันพังไปพังทลายไป,สักที่หน้าตัวเองลาออกจากงานถังแตกสุดๆเลยล่ะ
103,I once believed love would be Black and white,เมื่อฉันเชื่อว่าความรักจะเป็นขาวดํา,ครั้งหนึ่งฉันเคยเชื่อว่าความรักมันเป็นเหมือนสีขาวดำ
104, Swinging in the rain,4058ในสายฝน,หมุนตัวกันไปในสายฝน
105,And wash away the rain,และล้างฝนออกไป,และช่วยชะล้างสายฝนออกไปที
106,Is better forever ,จะดีกว่าตลอดไป,มันจะดีกว่าหากเราอยู่กันได้ตลอดไป
107,So wild now I am high as fuck,บ้าจริงตอนนี้ฉันสูงเหมือนบ้า,บ้าคลั่งกันสุดๆเมาจริงๆ
108,We will never slow down,เราจะไม่ช้าลง,เราจะไม่มีวันช้าลง
109,What am I supposed to do,ฉันควรทําอย่างไร,ฉันควรจะทำยังไงล่ะ
110,Relationships do not come easy to me,ความสัมพันธ์ไม่มาง่ายกับฉันอ่ะ,สายสัมพันธ์มันไม่ใช่เรื่องง่ายสำหรับฉันเลย
111,I taught you everything I knew,ฉันสอนคุณทุกอย่างที่ฉันรู้,ฉันสอนทุกอย่างที่ฉันรู้ให้กับเธอ
112,You  me cut from a different cloth,เธอตัดฉันจากผ้าอื่นอ่ะ,เธอและฉันเรามาจากเนื้อผ้าที่แตกต่างกัน
113,Her firm embrace it would take my final breath,เธอโอบกอดบริษัทมันจะต้องสูดลมหายใจครั้งสุดท้ายของฉัน,อ้อมกอดแน่นๆนของเธอมันจะเป็นเตียงสุดท้ายของฉันเลย
114,We can believe that just for one night,เราเชื่อได้ค่ะว่าแค่คืนเดียว,เราเชื่อนะว่าแค่สักคืนหนึ่ง
115,But only if it is with you oh,แต่ถ้ามันอยู่กับคุณโอ้,ถ้าเป้นเธอเท่านั้นนะ
116,Like sinking ships but we persevere,ชอบจมเรือแต่พวกเราทําต่อเอง,เหมือนเรือกำลังจะจมที่เราพยายามประคองมันเอาไว้
117,And when the lights are flashing like a photobooth,และเมื่อไฟกระพริบเหมือนไฟ2,และเมื่อแสงไฟเริ่มกระพริบเหมือนบู๊ธถ่ายรูป
118,But because of that period of time,แต่เนื่องจากช่วงเวลานั้น,แต่เพราะช่วงเวลานั้น
119,Baby I am that motherfucker,ที่รักฉันนั้นบ้าจริงอ่ะ,ที่รักฉันคือไอคนนั้นแหละ
120,But I try but I try,แต่ฉันพยายามแต่ฉันพยายามนะ,แต่ฉันก็พยายามแล้วนะ
121, When I could only see the floor you made my window a door,เมื่อฉันเห็นพื้นเธอทําให้หน้าต่างของฉันเป็นประตู,เมื่อฉันมองเห็นแต่พื้นโล่งๆเธอก็เปลี่ยนหน้าต่างฉันให้กลายเป็นประตู
122,We could be together if you wanted to,พวกเราสามารถอยู่ด้วยกันได้ถ้าคุณต้องการ,แต่เรามาคู่กันได้นะถ้าเธอต้องการ
123,Do not worry I still stand tall tall,ไม่ต้องกังวลฉันยังยืนสูงอยู่,ไม่ต้องห่วงหรอกฉันยังยืนหยัดต่อสู้อยู่ได้
124,You chased down my heart,คุณไล่ตามใจฉัน,ท่านไล่ตามหัวใจของฉัน
125,Like a ticking time bomb I am about to explode,เหมือนเวลาที่ติ๊กระเบิดฉันกําลังจะระเบิด,เหมือนระเบิดเวลาฉันกำลังจะระเบิดแล้วนะ
126,Kidnapped my Visa then she hit the galleria,วะฮะฮะฮ่าวีซ่าของฉันงั้นหล่อนเข้าหอพัก,โขมยบัตรวีซ่าของฉันแล้วเธอก็ไป
127,But you turn me away from my low blows,แต่คุณหันฉันออกไปจากที่ต่ําของฉันพัด,แต่เธอพยายามจะเปลี่ยนฉันจากความเลวร้ายของตัวฉันเอง
128,cannot get over us,ไม่สามารถเข้าใจพวกเราได้,ลืมเรื่องของเราไม่ได้เลย
129,And then you bite your lip,แล้วเธอกัดริมฝีปากของเธอ,และเธอก็กัดปากของเธอ
130,Because I can make it on my own,เพราะฉันสามารถทําได้ด้วยตัวเอง,เพราะฉันประสบความสำเร็จด้วยตัวเองได้แล้ว
131,Bye bye again,ลาก่อนอีกครั้งนะ,บ๊ายบายอีกครั้งนะ
132,Come on make you worth it,มาทําให้คุณคุ้มค่า,ทำให้ตัวเองมีคุณค่ามากขึ้น
133,Ten nine eight seven six five four three two one,สิบเก้าแปดเจ็ดห้าสี่สามสองหนึ่ง,10987654321
134,when we find the release,เมื่อเราพบการเปิดตัว,เมื่อเราได้เจอที่ปลดปล่อย
135,I want to see all the big fat ass bitches in the muthafuckin’ club,ฉันอยากเห็นก้นอ้วนใหญ่ๆในคลับเมมเปิ้ล,ฉันอยากจะเห็นสาวก้นสะบึมในผับ
136,I do not need no ladder because I stand tall,ฉันไม่ต้องการบันไดเพราะฉันยืนสูง,ไม่ต้องการบันไดหรอกเพราะฉันยืนหยัดด้วยตัวเองได้
137,Yeah I want it bad I want a bad girl baby bad I want it bad,ใช่ฉันอยากได้มันแย่ๆฉันอยากให้ลูกสาวแย่ๆฉันอยากให้มันแย่,ฉันอยากได้ผู้หญิงเลวๆฉันวอนท์อย่างแรง
138,Like we dance,เหมือนพวกเราเต้นอ่ะ,เหมือนเราเต้นรำ
139,Of you not knowing what you had untill it is gone,คุณไม่รู้ว่าคุณมีอะไรจนกว่ามันจะหายไป,เป็นสิ่งที่คอยย้ำเตือนถึงการที่ไม่เคยเห็นค่าสิ่งที่ตัวเองมีจนกระทั่งมันได้จากไป
140,You know it is all the same another time and place,คุณรู้ว่ามันเป็นเวลาและสถานที่เดียวกันอีกครั้ง,และมันก็เหมือนเดิมไปหมดแค่เปลี่ยนสถานที่และเวลา
141,Do not buy me any drinks,อย่าซื้อเครื่องดื่มให้ฉันเลย,ไม่ต้องเลี้ยงน้ำฉันด้วย
142,But in my mind I play it back,แต่ในใจของฉันฉันเล่นมันกลับ,แต่ในใจฉันมันเอาแต่เล่นวนซ้ำไปซ้ำมา
143,Tsamina mina Anawa a a,บรีนามินาบรีค่ะ,มาสิฉันเรียกเธอมาเอง
144,Son foreign got pregnant it in that Mulsanne,บุตรต่างประเทศได้ตั้งท้องมันในครรภ์นั้น,รถต่างชาติมีลูกกันในรถMulsanneคันนั้น
145,Not one call or text from you,ไม่มีสักสายหรือข้อความจากเธออ่ะ,ไม่มีโทรหรือส่งข้อความมาเลยจากเธอ
146,As long as I keep dancing,ตราบใดที่ฉันเต้นต่อไป,ตราบเท่าที่ฉันยังเต้นอยู่
147,You do not realize,คุณไม่รู้ตัว,เธอไม่เข้าใจหรอก
148,So I showed him all my teeth and then I laughed out loud,ดังนั้นฉันจึงแสดงให้เขาเห็นฟันของฉันทั้งหมดแล้วฉันก็หัวเราะออกมาดังๆ,ฉันก็เลยแยกเขี้ยวใส่และหัวเราะออกมาดังๆ
149,If you give your soul to me,ถ้าคุณให้วิญญาณของคุณแก่ฉัน,หากเธอมอบจิตวิญญาณของเธอให้ฉัน
150,Michelle Pfeiffer that white gold,มิเชลไฟฟ์เฟอร์ทองคําขาว,MichellePfeifferงามดั่งทองคำขาว
151,But baby I am going to be baby I am going to be,แต่ที่รักฉันจะเป็นที่รักฉันจะไป,แต่ที่รักฉันจะพยายามเป็นให้ได้เลย
152,did you see her eyes oh no I tried,คุณเห็นตาของเธอไหมโอ้ไม่นะฉันพยายามแล้ว,เห็นในตาเธอมั้ยฉันพยายามแล้วนะ
153,Because I am standing on top with a killer view,เพราะฉันยืนอยู่ด้านบนด้วยมุมมองฆาตกร,เพราะฉันยืนอยู่บนจุดที่สูงที่สุดด้วยมุมมองของนักฆ่า
154,I was lost before tonight and,ฉันเสียก่อนคืนนี้และ,ที่ผ่านมาก่อนถึงคืนนี้ฉันหลงทางมาตลอด
155,It is like I am huffing paint and I love it the more I suffer I suffocate,มันเป็นเหมือนฉันเป็นสีที่ขาดไม่ได้และฉันรักมันมากขึ้นที่ฉันประสบกับIIIImperiale,เหมือนฉันกำลังสูดเอาสีเข้าไปและฉันชอบมันยิ่งฉันทำลงไปมากเท่าไหร่ก็จะหายใจไม่ออก
156,And your heart is true,และหัวใจของคุณเป็นจริง,และหัวใจของเธอนั้นไม่หลอกลวง
157,My heart’s so full I cannot explain,ฉันอิ่มจนฉันไม่สามารถอธิบายได้,หัวใจฉันถูกเติมเต็มแต่อธิบายออกมาเป็นคำพูดไม่ได้
158,Hey hey until I made my getaway,เฮ้เฮ้จนกว่าฉันจะไปเที่ยว,จนฉันหนีจากเขามานั่นแหละ
159,My father told me when I was just a child,พ่อของฉันบอกฉันเมื่อฉันเป็นแค่เด็ก,พ่อบอกว่าฉันยังเป็นแค่เด็ก
160,Tell me tell me would you want me Want me,บอกฉันมาว่าคุณต้องการให้ฉันไหม,บอกฉันทีว่าเธอต้องการฉันมั้ยต้องการฉัน
161,Like nothing could go wrong,เหมือนไม่มีอะไรผิดพลาด,เหมือนว่าไม่มีอะไรจะผิดพลาดไปได้อีกแล้ว
162,But if anyone asks you have got a prescription,แต่ถ้าใครถามคุณว่ามีใบสั่งยา,แต่ถ้าใครถามเธอก็บอกว่าเธอน่ะมีใบสั่งยาจากแพทย์นะ
163,Think it is a wound I still entertain Oh,คิดว่ามันเป็นแผลฉันยังให้ความบันเทิงอยู่นะ,คิดว่ามันคงเป็นบาดแผลที่ฉันยังสนุกกับมันอยู่ล่ะมั้ง
164,It is only for your eyes baby,มันมีไว้สําหรับดวงตาของคุณเท่านั้น,ฉันก็แสดงให้เธอเห็นคนเดียวนะ
165,Yeah and they say big girls do not cry,ใช่และพวกเขาบอกว่าผู้หญิงตัวใหญ่ไม่ร้องไห้,เขาว่ากันว่าผู้หญิงใจใหญ่ต้องไม่ร้องไห้
166,Pink champagne,แชมเปญสีชมพู,แชมเปญสีชมพู
167, I woke up the next morning,ฉันตื่นนอนเช้าวันรุ่งขึ้น,ฉันตื่นมาในเช้าวันถัดไป
168,Run run run back to my arms and they will hold you down,วิ่งวิ่งกลับไปที่แขนของฉันและพวกเขาจะทําให้คุณผิดหวัง,วิ่งกลับมาในอ้อมอกของฉันและแขนทั้งสองข้างนี้จะช่วยปลอบประโลมเธอเอง
169,And are not nobody want to see you down in the dumps,และไม่มีใครอยากเห็นคุณถูกทิ้ง,ไม่มีใครอยากจะเห็นเธอตกต่ำหรอก
170,Talk dirty to me you you you,คุยสกปรกๆกับฉันนะเธอ,พูดลามกกับฉัน
171,Breaking days on the set no sweat,ทําลายวันบนชุดไม่มีเหงื่อ,นั่งทำโคเคนไม่มีเหนื่อย
172,The end is so disgusting,ท้ายที่สุดมันน่าขยะแขยงมาก,จุดจบมันช่างน่ารังเกียจ
173,That is exactly what I am gon’ do do Exactly what I am going to do,นั่นคือสิ่งที่ฉันเป็นอย่างแน่นอน-ทําในสิ่งที่ฉันจะทําอย่างแน่นอน,นั่นแหละคือสิ่งที่ฉันจะทำ
174,You could be the hero,คุณอาจจะเป็นฮีโร่,จะเป็นฮีโร่
175,Hey Stephen I know looks can be deceiving,เฮ้สตีเฟ่นฉันรู้ว่าดูเหมือนเป็นการหลอกลวง,เฮ้สตีเฟ่นฉันรู้นะว่ารู้หน้าไม่รู้ใจหรอก
176,Probably will not make no money off this oh well,อาจจะไม่ทําเงินจากนี้โอ้ดี,อาจจะสร้างเงินไม่ได้เลยด้วยซ้ำ
177,Me and my homie on the dance floor,ฉันกับบ้านเร้าอยู่บนพื้นเต้น,ฉันและเพื่อนอีกคนบนแดนซ์ฟลอร์
178,Oh you know I am not perfect,โอ้เธอรู้ว่าฉันไม่สมบูรณ์แบบ,เธอก็รู้ฉันไม่ได้เพอร์เฟคท์หรอก
179,Are you happy are you satisfied,มีความสุขไหมคะที่คุณพอใจ,มีความสุขมั้ยพอใจรึยัง
180,What is wrong Kyle,ไคล์เกิดอะไรขึ้นคะ,ไคล์เป็นไรปะ
181,She is morphine queen of my vaccine,เธอกําลังมอร์ฟีนควีนของวัคซีนของฉัน,เธอคือมอร์ฟีนราชินีวัคซีนของฉัน
182, Posh Life,ขนย้ายชีวิตสีPosh,ชีวิตที่หรูหรา
183, And these are silent times,และสิ่งเหล่านี้ก็เงียบ,และนี่คือช่วงเวลาที่แสนเงียบงัน
184,I am like the dopest dope you have ever smoked,ฉันชอบดาวจ้าเธอไม่เคยรมควันเลย,ฉันก็เหมือนกับยาสูบที่เจ๋งที่สุดที่เธอเคยเสพมานั่นแหละ
185,I should not be here,ฉันไม่ควรอยู่ที่นี่,ฉันไม่น่ามาอยู่ที่นี่เลย
186,We were sipping whiskey neat,พวกเราจิบวิสกี้อย่างเรียบร้อย,เราจิบวิสกี้กัน
187,I imagine you are home,ฉันนึกภาพว่าเธออยู่บ้าน,ฉันจินตนาการว่าเธออยู่บ้าน
188,I would blame the sky when the mess was in my mind,ฉันจะโทษท้องฟ้าเมื่อความยุ่งเหยิงอยู่ในใจของฉัน,ฉันเคยโทษท้องฟ้าเวลาที่จิตใจฉันปั่นป่วน
189,I need you more than ever,ฉันต้องการคุณมากกว่าเดิม,ฉันต้องการเธอมากกว่าที่เคย
190,Hit the motherfuckin’ lights when I leave homie,ทําแสงไฟบ้านไว้ตอนออกบ้าน,ปิดไฟทุกดวงเวลาออกจากบ้าน
191, Hey oh never let go of me Never let go,เฮ้โอ้ไม่เคยปล่อยฉันไปไม่ปล่อยเลย,อย่าปล่อยฉันไปนะ
192,Bona fide stallion,ม้าตัวผู้ม้าผู้สุวรรณ,ม้าสุดแกร่งของแท้
193,A little selfish huh,เห็นแก่ตัวเล็กน้อยฮะ,แอบเห็นแก่ตัวนิดๆนะ
194,Just know there are no closed doors,เพิ่งรู้ว่าไม่มีประตูปิด,รู้ไว้ว่าไม่มีเส้นทางที่ปิดหรอก
195,Les jours se défilent comme de la ficelle dans le vent,บางอย่างมีความหลากหลายทางวัฒนธรรมมาก,วันเวลาผ่านไปเหมือนเชือกท่ามกลางสายลม
196,And I do not care if your lonely and you need me now,และฉันไม่สนใจหรอกนะถ้าเธอโดดเดี่ยวและเธออยากให้ฉันตอนนี้,ฉันไม่สนหรอกว่าเธอจะเหงาและต้องการฉันมากเพียงใด
197,Late at night when you are dreaming are you dreaming of me,ตอนกลางคืนเมื่อเธอฝันเธอฝันกับฉัน,ในยามดึกเมื่อเธอกำลังหลับฝันเธอกำลังฝันถึงฉันรึเปล่านะ
198,From the moment that I wake up all I think about is you,นับจากช่วงเวลาที่ฉันตื่นขึ้นมาทั้งหมดที่ฉันคิดคือเธอเหรอ,จากช่วงเวลานั้นที่ฉันตื่นนอนฉันคิดถึงแต่เพียงเธอ
199,16 in a clip one in the chamber,16ในคลิปหนึ่งในห้อง,กระสุน16นัดในแม็กกับอีก1ที่โหลดไว้แล้ว
200,If terror falls upon your bed,หากความหวาดกลัวตกอยู่บนเตียงของเธอ,เมื่อความหวาดกลัวโหมเข้าใส่เตียงเธอ
201,All safe all safe,ทุกอย่างปลอดภัยค่ะ,ปลอดภัยดี
202,I know it is going to be alright alright,ฉันรู้ว่ามันจะไม่เป็นไร,ฉันรู้ว่ามันจะต้องไม่เป็นอะรไ
203,Give me that now and later I cannot get enough,ให้ฉันตอนนี้และทีหลังฉันก็ไม่พอ,มอบความรักของเธอให้กับฉันในตอนนี้เลยมันไม่เคยพอจริงๆ
204,No riffs and oh no reservation,ไม่มีริฟและโอ้ไม่จอง,ไม่มีการเล่นซ้ำและไม่มีการของล่วงหน้า
205, Tell me how am I supposed to live without you,บอกฉันว่าฉันควรจะอยู่ได้อย่างไรถ้าไม่มีเธอ,บอกฉันทีว่าฉันควรจะอยู่อย่างไรเมื่อไม่มีเธอ
206,I will never make a promise that I cannot keep,ฉันจะไม่ทําสัญญาว่าฉันไม่สามารถเก็บไว้ได้,ฉันจะไม่มีวันให้สัญญาที่ฉันจะรักษาไม่ได้
207,But I refuse to be so wicked hallelujah,แต่ฉันปฏิเสธที่จะเป็นคนชั่วร้ายจริงๆ,แต่ฉันขอปฏิเสธที่จะเป็นคนเลวไปมากกว่านี้ฮาเลลูยาห์
208,And my words hit like a Draco brrrp,และคําพูดของฉันตีเหมือนเดรโกรพิทนา,และคำพูดของฉันมันถึงใจเหมือนปืนAK47เลย
209,Got an angel on my shoulder and Mephistopheles,มีนางฟ้าอยู่บนไหล่และไหล่ของฉัน,มีนางฟ้าอยู่บนไหล่ฉันและเทพMephistopheles
210,Now you gettin’ mad because you got replaced,ตอนนี้เธอโกรธเพราะเธอได้เปลี่ยนละ,ตอนนี้นายโมโหฉันเพราะนายโดนฉันแทนที่ไปแล้ว
211,Latest Chanel for the luggage luggage,ล่าสุดชาเนลสําหรับกระเป๋าเดินทาง,มีกระเป๋าเดินทางของChanelแบบล่าสุด
212,Two in the air for the father that is there,สองในอากาศสําหรับพ่อที่มี,ขอเสียงให้2ครั้งสำหรับคุณพ่อบนสวรรค์
213, In my head I am going back to all the little stupid things I said,ในหัวของฉันฉันจะกลับไปที่สิ่งเล็กๆน้อยๆทั้งหมดที่ฉันพูด,ฉันนึกย้อนกลับไปคิดถึงทุกๆคำพูดโง่ๆที่ฉันพูดออกไป
214,Catch myself,จับตัวเอง,พยุงตัวเองขึ้นมา
215, Pebbles forgive me the trees forgive me,ก้อนกรวดให้อภัยกับต้นไม้ให้อภัยฉัน,ก้อนกรวดให้อภัยฉันแล้วต้นไม้ทั้งหลายอภัยให้ฉันแล้ว
216,You tease me with heaven you are giving me hell,เธอแซ่ยวฉันกับสวรรค์เธอคือให้นรกแก่ฉัน,เธอหลอกล่อฉันด้วยสรวงสวรรค์แต่เธอก็มอบนรกให้กับฉัน
217,Look into the sun you will see me and you,มองไปที่ดวงอาทิตย์คุณจะเห็นฉันและคุณ,มองขึ้นไปบนดวงตะวันเธอจะเห็นเราสองคน
218,All that you are good for now is “See I told you so”,ทั้งหมดที่เธอทําได้ดีตอนนี้คือดีเอสเอ็มเอสดอทคอมฉันบอกเธอในเร็วๆนี้ละ,เธอมีดีตอนนี้ก็แค่“เห็นมั้ยฉันบอกเธอแล้ว”
219,I know I am thinkin’ bout that alcohol,ฉันรู้ว่าฉันรอประมาณนั้นเกี่ยวกับเครื่องดื่มแอลกอฮอล์,ฉันคิดว่าฉันก็คิดถึงเหล้าอยู่
220,Tried to let it go and say I am over you,พยายามปล่อยมันไปแล้วบอกว่าฉันอยู่กับเธอ,พยายามจะลืมเธอและบอกว่าฉันตัดใจจากเธอได้แล้ว
221,And I cough up my lungs,และฉันก็ไอเสียปอด,และฉันก็ไอจนเติมเต็มปอดของฉัน
222,I got lucky finding you,ฉันโชคดีที่ได้พบคุณ,ฉันโชคดีสุดๆที่ได้พบเธอ
223,That orange English light cast only one singular shadow,แสงสีส้มนั้นนักแสดงเอกพจน์อายแชโดว์เพียงครั้งเดียว,สีส้มนั้นแสงสีเมืองอังกฤษสาดส่องออกมาเพียงหนึ่งเงามืด
224,I want to she would light on the subject,ฉันอยากให้เธอสว่างขึ้นในเรื่อง,เราจะทำให้ประเด็นนี้มันกระจ่างขึ้นมา
225,Got the key to my city it is over,ได้กุญแจมาที่เมืองฉันมันจบแล้ว,มีกุญแจมาที่เมืองฉันก็พอแล้ว
226,Let us have a moment of silence for what I say next,ให้เรามีความเงียบสักครู่หนึ่งสําหรับสิ่งที่ฉันพูดต่อไป,มาสงบนิ่งให้กับสิ่งสิ่งที่ฉันจะพูดต่อไปนี้ดีกว่า
227,There is a lot that we can can give,มีหลายอย่างที่เราสามารถให้ได้,มีอะไรตั้งมากมายที่เราจะทุ่มเทให้มันได้
228,Prayin’ hard for better days promise to hold on,ยากสําหรับวันที่ดีกว่าที่สัญญาว่าจะถือไว้,ภาวนาอย่างหนักเพื่อวันคืนที่ดีขึ้นสัญญาว่าจะอดทนต่อไป
229,And you expect me to just get over him pretend he never existed,และคุณคาดหวังว่าฉันจะได้รับมากกว่าเขาแกล้งทําเป็นว่าเขาไม่เคยมีอยู่,และก็คาดหวังให้กูลืมๆพี่กูไปทำเป็นเหมือนพี่กูไม่เคยมีตัวตนงั้นหรอ
230,Pardon my Spanish I want to fck tu,ขอโทษนะสเปนของฉันฉันอยากจะไปฮาตูตู,โทษทีกับภาษาสเปนของฉันฉันอยากจะมีอะไรกับเธอ
231,Even when I did not care,แม้เมื่อฉันไม่สนใจ,ถึงแม้ในตอนนั้นผมจะไม่ได้ใส่ใจก็เถอะ
232,Careful what you wish for,ระวังสิ่งที่คุณต้องการ,ระวังให้ดีเวลาจะภาวนาขออะไร
233,Gon’ tell you things you do not want to hear,วู้ดบอกเธอว่าสิ่งที่เธอไม่อยากได้ยิน,พูดในสิ่งที่เธอไม่ได้อยากจะฟัง
234, It was time for me to say goodbye,ถึงเวลาที่ฉันจะบอกลาก่อน,ถึงเวลาที่ฉันต้องบอกลาแล้ว
235,She get on that dick and stay on all night like porch lights,เธอขึ้นบนดิ๊กนั้นและอยู่บนทุกคืนเช่นไฟระเบียง,เธอขึ้นมาบนจู๋ของฉันแล้วก็อยู่บนนั้นทั้งคืนเหมือนแสงไฟ
236,Are not got no money in my pocket but I am already here,ไม่ได้รับเงินในกระเป๋าของฉันแต่ฉันอยู่ที่นี่แล้ว,ไม่มีเงินในกระเป๋าเลยแต่ก็มาแล้วนี่นา
237,Faded for a week I do not sleep fuck my enemies,adedสําหรับหนึ่งสัปดาห์ฉันไม่ได้นอนบ้าศัตรูของฉัน,เมาไปทั้งสัปดาห์ฉันไม่หลับไม่นอนหรอกนะพวกศัตรูฉันน่ะไปตายให้หมด
238,Was in a dark place back then,อยู่ในที่มืดมิดแล้ว,ฉันเคยอยู่ในที่ที่แสนมืดมน
239,Take you to every party,พาคุณไปทุกๆคน,พาเธอไปทุกงานปาร์ตี้
240,Now was not out time,ตอนนี้ไม่ออกเวลา,ตอนนี้เวลามันยังไม่หมดหรอกนะ
241,Now I am sure,ตอนนี้ฉันแน่ใจแล้ว,ฉันมั่นใจแล้ว
242, Do not surrender surrender surrender,อย่ายอมยอมแพ้นะ,อย่าพึ่งยอมแพ้เลยนะ
243,Yeah this life is still worth living,ใช่ชีวิตนี้ยังคุ้มค่าที่จะมีชีวิตอยู่,ใช่ชีวิตนี้มันยังมีค่าใช้อยู่ต่อไปนะ
244, That bad girl power I got I will abuse it tonight,พลังของผู้หญิงที่แย่ขนาดนั้นฉันได้ฉันจะทําผิดในคืนนี้,พลังสาวแสบที่ฉันมีฉันจะกระหน่ำใช้มันไปเลยในคืนนี้
245,The music is the sun,เพลงคือพระอาทิตย์,ดนตรีเปรียบดั่งดวงตะวัน
246,They bubble like a sweet champagne,พวกเขาฟองเหมือนแชมเปญหวาน,มันเปล่งประกายแวววาวเหมือนแชมเปญหวานๆ
247, What happened to rock and rap and these white boys tryna backstreet they asses back in the game,เกิดอะไรขึ้นกับร็อคและแร็พและเด็กผู้ชายสีขาวเหล่านี้เป็นมื้อเช้าที่พวกเขาได้ชนะในเกม,เกิดอะไรขึ้นกับเพลงร็อคแรปที่ไอพวกคนเขานี่ใช้เพื่อหาเงินเข้ากระเป๋าตัวเองนะย้อนกลับไปในอดีต
248,It would be a lie if I told you,มันจะเป็นการโกหกถ้าฉันบอกคุณ,ฉันคงจะโกหกนะถ้าฉันบอกเธอว่า
249,Give it up and leave it all behind,ยอมแพ้และทิ้งมันไว้ข้างหลัง,ยอมแพ้ซะแล้วทิ้งมันไป
250,But you are the only one I cannot run away from,แต่คุณเป็นคนเดียวที่ฉันไม่สามารถหนีจากไปได้,แต่เธอเป็นคนเดียวที่ฉันหนีจากมาไม่ได้
251,Last week I realized I crave pity,อาทิตย์ที่แล้วฉันจําได้ว่าฉันสงสารกระหาย,อดีตที่แล้วฉันรู้ตัวว่าฉันโหยหาความสงสาร
252,I confess I am a mess,ฉันยอมรับว่าฉันเป็นคนยุ่งเหยิง,ฉันสารภาพเลยนะฉันน่ะแย่สุดๆ
253,because we could drag this out all night until…,เพราะพวกเราสามารถลากมันออกไปได้ตลอดทั้งคืนเลยละ,เพราะมันคงจะเป็นอย่างนี้ไปทั้งคืนจนถึง…
254,Want jy lam innie mang met jou slang in a man,ต้องการเจวายโคลัมแลมชิมเจอกันกับสแลงแลงของผู้ชายอ่ะ,เพราะแกน่ะอยู่ในคุกโดนอัดถั่วดำไปด้วยน่ะ
255,People talk to me but nothing ever hits home,ผู้คนคุยกับฉันแต่ไม่มีอะไรฮิตบ้าน,ผู้คนต่างคุยกับฉันแต่ไม่มีใครทำให้ฉันรู้สึกเหมือนอยู่บ้านได้เลย
256,Every name they show,ทุกชื่อที่แสดงเลยค่ะ,มันแสดงชื่อทุกๆคนเอาไว้
257, Now all I want to do is get get you back,ตอนนี้ทั้งหมดที่ฉันอยากทําคือเอาคุณกลับมา,สิ่งเดียวที่ฉันต้องการในตอนนี้คือพาเธอกลับมา
258,I want to so I,ฉันอยากสั่งค่ะ,ฉันต้องการ
259,They think I do not understand,พวกเขาคิดว่าฉันไม่เข้าใจ,พวกเขาคิดว่าฉันไม่เข้าใจ
260,If he is like that I got a world tour that they need me at,ถ้าเขาเป็นอย่างนั้นฉันมีทัวร์โลกที่พวกเขาต้องการให้ฉัน,หากเขาชอบแบบนั้นฉันก็มีทัวร์รอบโลกที่ต้องการฉัน
261,Everyday it feels like a dream come true,ทุกๆวันมันรู้สึกเหมือนฝันเป็นจริง,ทุกๆวันนั้นเหมือนกับฝันที่เป็นจริง
262,Think me see she pink bikini,คิดว่าฉันดูบิกินี่สีชมพูของหล่อนนะ,ดูฉันในบิกินี่สีชมพูนี่สิ
263,On this bullet train ,บนรถไฟกระสุนนี้,บนรถไฟหัวกระสุนคันนี้
264,I just got to be real with it yup,ฉันพึ่งต้องเป็นของจริงกับมันใช่,ต้องจริงจังหน่อยนะ
265,I are not telling you nothing but the truth,ฉันไม่ได้บอกคุณอะไรเลยนอกจากความจริง,ฉันก็พูดแต่ความจริงทั้งนั้น
266,So let them talk if they want to if they want to if they want to,ให้พวกเขาพูดถ้าพวกเขาต้องการถ้าพวกเขาต้องการ,ปล่อยให้พวกนั้นเมาท์กันไปถ้าพวกเขาอยากเมาท์นัก
267, The seven sisters got nothing on him,น้องสาวเจ็ดคนไม่มีอะไรให้เขาเลย,แม้แต่SevenSistersก็ยังเทียบเขาไม่ติด
268,And it kind of looks just like you,และมันก็ดูเหมือนคุณ,มันดูเหมือนเธอ
269,I hope that heaven is your resting place,ฉันหวังว่าสวรรค์คือสถานที่พักผ่อนของเธอนะ,ฉันหวังว่าเธอจะได้พักผ่อนบนสวรรค์นะ
270, I was sitting there waiting in my room for you,ฉันนั่งอยู่ที่นั่นรอในห้องของฉันให้เธอ,ฉันนั่งรอเธออยู่ในห้องของฉัน
271,They first were divorced throwing her over furniture Ah,ก่อนพวกเขาหย่ากันโยนเธอลงบนเฟอร์นิเจอร์Ah,พวกเขาเคยหย่ากันและก็โยนเธอข้ามเฟอร์นิเจอร์ต่างๆ
272,Be a little bit wiser baby put it on put it on,เอาเด็กฉลาดขึ้นเล็กน้อยใส่มันไว้,ฉลาดขึ้นหน่อยสิที่รักลุยเลย
273, Did it again now,ทําอีกครั้งตอนนี้,ทำอีกครั้งสิตอนนี้เลย
274,It is always right before I am about to scream,มันถูกเสมอก่อนที่ฉันจะกรีดร้อง,มันอยู่ตรงหน้าฉันก่อนที่ฉันจะกรีดร้องออกมาเสียอีก
275,I will tell the world I will sing a song,ฉันจะบอกโลกว่าฉันจะร้องเพลง,ฉันจะบอกออกไปให้โลกทั้งใบได้รับรู้จะร้องเป็นเพลงออกมา
276,I cannot live without,ฉันไม่สามารถอยู่ได้โดยปราศจาก,ฉันอยู่โดยขาดมันไม่ได้
277,Twenty four failures,ความล้มเหลวยี่สิบข้อสี่,ความผิดพลาด24อย่าง
278,Never going to be another one no,จะไม่เป็นคนอื่น,จะไม่มีคนอื่นมาแทนที่ได้
279,Thank you for unending grace,ขอบคุณสําหรับความเมตตา,ขอบคุณสำหรับความดีงามไม่จบสิ้น
280,Digesting the warmer air,เอาอากาศอุ่นๆ,สูดหายใจอากาศอุ่นๆเข้าไป
281,My name,ฉันชื่อ,ชื่อของฉัน
282,but you just lose out every time,แต่คุณเพิ่งสูญเสียออกไปทุกครั้ง,แต่เธอก็แพ้ทุกครั้งเลย
283,I just think we are overthinking it do not think it over,ฉันแค่คิดว่าพวกเรากําลังคิดแต่มันไม่คิดจบละ,ฉันคิดว่าเราคงแค่คิดมากเกินไปแหละเราคงคิดมากเกินไปจริงๆ
284,Because I have come this far I will not give up,เพราะฉันมาไกลขนาดนี้ฉันจะไม่ยอมแพ้,เพราะฉันมาไกลขนาดนี้แล้วฉันจะไม่ยอมแพ้แน่ๆ
285,Picturesque is the picture you paint effortlessly,ที่งดงามเป็นภาพที่คุณทาสีได้อย่างง่ายดาย,ความงดงามนั้นคือภาพที่เธอสร้างขึ้นมาโดยไม่ต้องใช้ความพยายามอะไรเลย
286,Now another one bites the dust,ตอนนี้อีกอันกัดฝุ่น,ตอนนี้อีกชีวิตก็ได้ตายลง
287,And it is too late for you and your white horse,และมันก็สายเกินไปสําหรับคุณและม้าขาวของคุณ,และมันสายเกินไปสำหรับเธอและม้าขาวของเธอแล้ว
288,It made me feel like I belonged,มันทําให้ฉันรู้สึกเหมือนฉันเป็นของ,มันทำให้ฉันรู้สึกว่าฉันคู่ควรกับที่นี่
289,I thought that she might stay,ฉันคิดว่าเธออาจจะอยู่,ฉันคิดว่าเธอจะยังคงอยู่เคียงข้างฉัน
290,I could say what you want me to,ฉันสามารถพูดได้ว่าคุณต้องการให้ฉันทําอะไร,ฉันจะพูดอะไรก็ได้ที่เธอต้องการ
291,I guess you are in London today,ฉันเดาว่าคุณอยู่ในลอนดอนวันนี้,ฉันเดาว่าเธอคงอยู่ในลอนดอนแล้ว
292,Babe we could make that dream for real,ที่รักพวกเราสามารถทําให้ความฝันนั้นเป็นจริงได้,บางทีเราอาจจะทำความฝันให้เป็นจริงได้
293,Know I got to kiss it baby,รู้ว่าฉันต้องจูบมันนะที่รัก,ฉันจะต้องจูบเธอให้ได้แหละที่รัก
294,Till they handle love,จนกระทั่งพวกเขาจัดการรัก,จนกว่าพวกเขาจะรับมือกับความรักได้
295,You have got the world at your feet,คุณมีโลกที่เท้าคุณ,เธอมีโลกทั้งใบอยู่แทบเท้าเธอ
296,It gets more confusing everyday,มันทําให้สับสนมากขึ้นทุกวัน,มันสับสนมากขึ้นทุกวันๆ
297,I am a beast I am a beast,ฉันเป็นสัตว์ร้ายที่ฉันเป็นสัตว์ร้าย,ฉันคือปีศาจ
298, We are that song you would not sing,เราคือเพลงนั้นที่คุณจะไม่ร้องเพลง,เราคือบทเพลงที่เธอไม่ร้องออกมา
299,I did not know you were going to break my heart then,ฉันไม่รู้ว่าคุณกําลังจะทําลายหัวใจของฉัน,ฉันไม่รู้เลยว่าเธอจะหักอกฉันหลังจากนั้น
300,More than two M’s for a show but add another two,มากกว่าสองbuttersสําหรับการแสดงแต่เพิ่มอีกสองคน,ได้เงินเกิน2ล้านต่อโชว์นึงแต่ขอเพิ่มอีก2นะ
301,We can write stories bout the journeys that we made,เราสามารถเขียนเรื่องราวเกี่ยวกับการเดินทางที่เราทํา,เราจะเขียนเรื่องราวเกี่ยวกับการเดินทางของเรา
302,So when negativity surrounds surrounds,ดังนั้นเมื่อโอบล้อมความรู้สึกเชิงลบ,ดังนั้นเมื่อความคิดด้านมืดเข้าครอบงำ
303,I have been looking for the only one,ฉันกําลังมองหาคนเดียว,ฉันเฝ้าตามหาคนที่ใช่
304,You will see try me,คุณจะเห็นฉันลอง,คอยดูลองดูสิ
305,Right where you left me,ใช่เธอทิ้งฉันไว้ที่ไหนอ่ะ,ในที่ที่เธอทิ้งฉันเอาไว้
306, Broken dreams and shattered glass,เสียความฝันและแตกแก้ว,ฝันสลายและแก้วที่แหลกละเอียด
307,I have been setting highs,ฉันตั้งเสียงสูงแล้ว,ฉันทำมาตรฐานไว้สูงลิบลิ่ว
308,There is an itching right beneath my skin,มีอาการคันอยู่ใต้ผิวหนังของฉัน,เหมือนมีอะไรคันๆอยู่ใต้ผิวหนังฉัน
309,Shining through the dark… cannot hold us down,เปล่งประกายผ่านตัวยึด-ไม่สามารถยึดเราไว้,ส่องประกายท่ามกลางแสงสว่างไม่มีอะไรขวางเราได้แล้ว
310,I need to listen good,ต้องฟังดีๆค่ะ,ฉันต้องฟังดีๆ
311,My team good we do not really need a mascot,ทีมของฉันดีเราไม่ต้องการมาสคอตจริงๆ,ทีมฉันนี่เจ๋งสุดๆไม่ต้องมีมาสคอตเลย
312,Baby you are invaluable to me,ที่รักคุณมีค่าอะไรกับฉัน,ที่รักเธอน่ะประเมินค่าไม่ได้เลยจริงๆนะ
313,A special bond of creation hah,พันธบัตรพิเศษของการสร้างฮะ,เป็นความสัมพันธ์อันแสนพิเศษแห่งการสรรสร้าง
314,How ’bout we trade them speakers for these ,วิธีที่เราแลกเปลี่ยนลําโพงสําหรับสิ่งเหล่านี้,ถ้าเราแลกลำโพงพวกนี้
315,These days no picnics are not no fun and games,วันนี้ไม่ปิกนิกไม่สนุกและเกม,ทุกๆวันนี้ไม่มีเวลาไปนั่งปิคนิคไม่มีเวลาไปสนุกหรอก
316,You left with nothing to say,คุณจากไปไม่มีอะไรจะพูด,เธอจากไปโดยไม่มีอะไรให้พูพด
317,I find myself alone when each day is through,ฉันพบว่าตัวเองอยู่คนเดียวเมื่อทุกวันผ่านไป,ฉันพบว่าตัวเองอยู่ตามลำพังเมื่อวันวันหนึ่งสิ้นสุดลง
318,Maybe I do not want to G G,บางทีฉันอาจจะไม่ต้องการGG,บางทีฉันอาจจะไม่อยากหยุดก็ได้นะ
319,Because she is moving and it is feelin right,เนื่องจากเธอเคลื่อนไหวและมันไม่มีความรู้สึกเลยใช่ไหม,เพราะเธอกำลังเต้นอยู่และมันรู้สึกดีมาก
320,have vanished from,หายตัวไปจาก,ได้เลือนหายไป
321,Show me your teeth show me what are you got,โชว์ให้ฉันดูนะว่าเธอมีอะไรบ้าง,แสดงฟันของเธอให้ฉันเห็นทำให้ฉันเห็นว่าเธอมีดีอะไรบ้าง
322,Said I have been lying to me too,บอกว่าฉันนอนกับฉันเหมือนกัน,และฉันก็โกหกตัวเองมาตลอดเหมือนกัน
323,Before I close the chapter to your name,ก่อนที่ฉันจะปิดบทชื่อของคุณ,ก่อนที่ฉันจะสิ้นสุดเรื่องราวเกี่ยวกับเธอ
324,Strawberry ice cream one spoon for two,สตรอเบอร์รี่ไอศกรีม1ช้อนสําหรับ2,ไอศกรีมสตรอเบอร์รี่ช้อนเดียวสำหรับสองคน
325,She is broken and will not ask for help,เธอเสียและจะไม่ขอความช่วยเหลือ,เธอใจสลายและไม่เคยขอความช่วยเหลือ
326,If I have to die trying to justify that is how it is going to be,ถ้าฉันต้องตายพยายามพิสูจน์ว่ามันเป็นวิธีที่มันจะเป็น,หากฉันต้องตายเพื่อพิสูจน์มันก็จะเป็นอย่างนั้น
327,ano sora no shita,(หัวเราะ)ฮะฮะฮะฮะฮ่าไม่เป็นไรหรอก,ภายใต้ท้องฟ้านี้
328,Show me a littlе attention,ให้ฉันดูสิความสนใจที่ดี,ให้ความสนใจฉันสักหน่อยสิ
329,The drama is dangerous,ละครเป็นอันตราย,ดราม่ามันอันตรายจริงๆ
330,Never get too caught up in yourself to feel the magic,ไม่เคยจับตัวเองมากเกินไปที่จะรู้สึกถึงเวทมนตร์,ไม่เคยได้เจอกับชีวิตและรู้สึกถึงมนตร์สะกด
331,Cameras up cameras flash,กล้องขึ้นกล้องแฟลช,เอากล้องขึ้นมาเปิดแฟลช
332,If we do not try we will fall,หากเราไม่พยายามเราจะล้ม,หากเราไม่ลองเราก็จะพลาด
333,And wished I could cut some parts off with some scissors,และหวังว่าฉันจะสามารถตัดบางส่วนด้วยกรรไกร,และหวังว่าจะตัดส่วนนึงได้ด้วยกรรไกร
334,And when they finally leave me I am all alone but,และในที่สุดเมื่อพวกเขาทิ้งฉันฉันก็อยู่คนเดียวแต่,และพอพวกเขาจากฉันไปฉันก็อยู่ตัวคนเดียวแต่วา
335,I’ma kill everything like this purge Ayy,พีเจฆ่าทุกอย่างเหมือนเพิร์จเพิร์จซิตี้,ฉันจะทำลายทุกอย่างเหมือนการฆ่าล้างบางเลย
336, Boy it is now or never,บอยมันตอนนี้หรือไม่เคย,หนุ่มน้อยถ้าไม่ตอนนี้ก็ไม่มีโอกาสอีกแล้วนะ
337,Do not give me your number its already in my iPhone,อย่าให้เบอร์ของเธอมันอยู่ในไอโฟนของฉันนะ,ไม่ต้องให้เบอร์ฉันนะมันอยู่ในไอโฟนฉันเรียบร้อยแล้ว
338,Get shit popping,ได้บ้าจริงpopping,ทำให้ทุกอย่างสนุกขึ้น
339,I miss those nights when you would come over Yeah,ฉันคิดถึงคืนนั้นเมื่อเธอมาเย้,ฉันคิดถึงค่ำคืนเหล่านั้นตอนเธอมาหาฉัน
340,Can solve the equation,สามารถแก้ปัญหาสมการได้,ที่สามารถแก้สมการนี้ได้
341,To know some if we both honest,หากต้องการรู้บางอย่างถ้าเราทั้งคู่ซื่อสัตย์,เพื่อที่จะรู้จักกันสักหน่อยหากเราจริงใจต่อกัน
342,Saw you sneaking in the shadow’s long,เห็นคุณแอบแอบอยู่ในถังขยะยาวๆ,เป็นเธอแอบย่องมาในเงามืดที่ทอดยาว
343, Say you will stay the night,บอกว่าคุณจะอยู่กลางคืน,บอกสิว่าเธอจะอยู่กับฉันในคืนนี้
344,Niggas called me to set you up,วู้ดโทรหาฉันเพื่อตั้งค่านะ,มีคนโทรบอกแผนจัดการนายกับฉัน
345,And how you gripped my hips so mean,และคุณจับสะโพกของฉันอย่างไร,และเวลาที่เธอบีบก้นฉันแรงๆ
346,And I will ride with you until the evening,แล้วฉันจะไปส่งคุณจนถึงตอนเย็นนะคะ,และฉันจะอยู่กับเธอไปจนถึงเย็น
347,You trynna get a bag of weed,เธอส่งถุงของกัญชามานะ,อยากจะได้กัญชางั้นหรอ
348,Girl I did not know you could get down like that,ผู้หญิงฉันไม่รู้ว่าเธอลงไปได้อย่างนั้น,สาวน้อยฉันไม่รู้ว่าเธอทำแบบนั้นได้นะเนี่ย
349,Oh no no no no no no this is not the life,โอ้ไม่ไม่ไม่ไม่ไม่นี่ไม่ใช่ชีวิต,นี่มันไม่ใช่ชีวิตเลย
350,Do not make me live in Asylum,อย่าทําให้ฉันมีชีวิตอยู่ในยูซี,อย่าปล่อยให้ฉันอยู่ในที่หลบภัยแห่งนี้เลย
351,Send me automatic,ส่งอัตโนมัติมาให้ฉันที,ส่งนั่นมาให้ฉัน
352,We can paint the town,เราสามารถระบายสีเมืองได้,เราสองคนจะทำให้เมืองนี้มีสีสัน
353,Even after all these years,แม้หลังจากหลายปีที่ผ่านมา,หลังจากช่วงเวลาที่ผ่านมาทั้งหมดนี้นั้น
354,They ask me if I am real,พวกเขาถามฉันว่าฉันเป็นของจริงหรือเปล่า,พวกเขาถามฉันว่าฉันเป็นของแท้รึเปล่า
355,While she is back home doing only right by you,ในขณะที่เธอกลับบ้านทําเฉพาะคุณเท่านั้น,ขณะที่เธออยู่บ้านและจริงใจกับเขาคนเดียว
356,Moves in,ย้ายใน,ก็ขยับตัวเข้ามา
357,Because it is always one step forward and three steps back,เพราะมันเป็นหนึ่งก้าวไปข้างหน้าและสามขั้นตอนกลับ,เพราะมันเหมือนฉันก้าวไปข้างหน้าได้ก้าวเดียวแล้วก็ต้องถอย3ก้าวเสมอ
358,And they are all skiing in the powder room,และพวกเขาทั้งหมดเล่นสกีในห้องผง,พวกนั้นเอาแต่ไปเล่นโคเคนกันในห้องน้ำ
359,In the line of view,ในแนวมุมมอง,ในระดับสายตา
360,If I could change my state of mind then I would disappear,ถ้าฉันสามารถเปลี่ยนสถานะของฉันได้ฉันจะหายไป,หากฉันเปลี่ยนแปลงสภาพจิตใจตัวเองได้แล้วฉันก็จะหายตัวไป
361,One more reason to turn up on  them,อีกเหตุผลหนึ่งในการเปิดพวกเขา,เป็นอีกหนึ่งเหตุผลให้ฉันเร่งเสียงใส่พวกนั้น
362,And it hurts because…,และมันก็เจ็บมาก2.,และมันเจ็บนะเพราะว่า
363,If you are driftin’ out to sea,ถ้าคุณออกไปทะเลละก็,หากเธอกำลังล่องลอยไปในทะเล
364,When it finally feels true,ในที่สุดเมื่อมันรู้สึกจริง,ในเมื่อเธอได้รู้สึกจริงๆแล้ว
365,And I had my hopes high wishin I could be his world,และฉันมีความหวังสูงของฉัน-ฉันอาจเป็นโลกของเขา,และฉันก็ตั้งความหวังไว้สูงอยากที่จะเป็นโลกทั้งใบของเขา
366, So you are sad about the moment you lost your love DAMN,งั้นเธอโคตรเศร้าเกี่ยวกับช่วงเวลาที่เธอสูญเสียรักของเธอไปโคตรๆ,นายจึงเศร้าในตอนที่คนรักของนายจากไป
367,Oh and I,โอ้และฉัน,และฉัน
368,Type to make a motherfucker get up,ประเภทในการทําClassyขึ้น,ฉันพวกที่ชอบเตือนให้พวกที่เกลียดฉันรู้ตัวก่อน
369, Love the life I live,รักชีวิตที่ฉันมีชีวิตอยู่,ฉันรักชีวิตแบบนี้จังเลย
370,I must stick with you forever,ฉันต้องอยู่กับคุณตลอดไป,ฉันจะติดอยู่กับเธอตลอดไป
371,Japanese for you iie,อาหารญี่ปุ่นสําหรับเธอนะ,ญี่ปุ่นก็ได้อะไม่
372,Do not judge a book by the cover,อย่าตัดสินหนังสือจากหน้าปก,อย่าตัดสินคนอื่นจากภายนอก
373,A URL Badman,URLย่อ,นักเลงคีย์บอร์ด
374,But you might OD if you get too much of me,แต่คุณอาจจะODถ้าคุณได้ของฉันมากเกินไป,บางทีเธออาจจะเสพเกินขนาดก็ได้ถ้าเธออยู่กับฉันมากไป
375,Man you done changed up on me you changed your flow,ผู้ชายเธอเปลี่ยนกับฉันเสร็จแล้วเธอเปลี่ยนการไหลของเธอ,เธอเปลี่ยนแปลงเพื่อฉันเปลี่ยนตัวเองไปเพื่อฉัน
376,blinds you if you stare but,ผ้าม่านเธอถ้าเธอจ้องแต่,ทำให้เธอตามืดมัวไปได้หากเธอจ้องมัน
377,On a trampoline,บนแทรมโพลีน,บนแทรมโปลีน
378,Yeah what  s up boys,ใช่ว่าไงพวก,ว่าไงพ่อหนุ่ม
379,Do you wish I was a bit more like her,คุณหวังว่าฉันจะเป็นเหมือนเธออีกไหม,นายหวังอยากให้ฉันเป็นเหมือนเธอคนนั้นมากกว่านี้มั้ย
380,These beats of a dark heart use basslines to replace you,จังหวะเหล่านี้ของหัวใจมืดใช้heartแทนคุณ,ฉันใช้จังหวะดนตรีแห่งหัวใจอันดำมืดนี้และเสียงเบสทั้งหลายมาใช้แทนที่เธอ
381,But boy you are not ever seen my mind,แต่เด็กผู้ชายคุณไม่เคยเห็นใจของฉันเลย,แต่เธอไม่เคยมาเห็นจิตใจฉันนี่นา
382,Would have fought the whole town so yeah,จะต้องต่อสู้ทั้งเมืองดังนั้นใช่,คงจะยอมออกไปทะเลาะกับคนทั้งเมือง
383,and my heart starts beating,และหัวใจของฉันเริ่มเต้น,และหัวใจฉันเริ่มเต้นอีกครั้ง
384,Let us go get our burn on,ให้เราไปได้รับการเผาไหม้ของเรา,มาสนุกกันดีกว่านะเรา
385,I need to be brave,ฉันต้องการความกล้า,ฉันต้องกล้าหาญขึ้นบ้างแล้ว
386,You know I love foreplay 12 play everything,เธอรู้ว่าฉันรักการเล้าหน้าใคร่12เล่นทุกอย่าง,เธอก็รู้ว่าฉันชอบเล่นข้างหน้าแบบอัลบั้ม12Playทุกๆอย่างเลย
387,Oh foreign girls call me sexy,โอ้สาวต่างประเทศโทรหาฉันเซ็กซี่นะ,สาวๆทั่วโลกต่างบอกว่าฉันเซ็กซี่
388,I see your fire go,ฉันเห็นไฟของเธอหายไปละ,ฉันเห็นเปลวไฟของเธอนั้น
389,Lord knows I have tried,พระเจ้ารู้ว่าฉันพยายามแล้ว,พระเจ้ายังรู้ว่าฉันพยายามแล้ว
390,This time we are going to see this through,คราวนี้เราจะเห็นสิ่งนี้ผ่าน,และครั้งนี้เราจะอยู่กันไปให้ตลอดรอดฝั่ง
391,No one to tell me what to do,ไม่มีใครบอกฉันว่าต้องทําอย่างไร,ไม่ชอบให้ใครมาสั่งให้ฉันทำอะไร
392,He said he came from Jamaica,เขาบอกว่าเขามาจากจาเมกา,เขาบอกว่าเขามาจากจาไมก้า
393,One without a permanent scar,หนึ่งโดยไม่มีแผลเป็นถาวร,ดวงที่ไร้ซึ่งรอยแผลใดๆ
394,Think you could do better Well we sure gon’ see,คิดว่าเธอทําได้ดีกว่านี้พวกเราแน่ใจนะว่าจะเห็นไหม,คิดว่าเธอทำได้ดีกว่านี้ใช่มั้ยเดี๋ยวเราจะได้เห็นกัน
395,In the middle of the parking lot,ตรงกลางของที่จอดรถค่ะ,กลางลานจอดรถแห่งนั้น
396,New York to ComptonGot YG with me so do not get stomped inY’all know who the fuck it isSee I done preheated my oven to 350 degrees bitchAnd when you come out it is gon’ burn you bitches likeYou better get your motherfuckin’ oven mitt bitchYung Mula baby,นิวยอร์กเพื่อรอฉันแล้วอย่าไปเอาเลยไม่รู้ว่าใครมันบ้าแล้วฉันทําวอร์มให้เตาอบของฉันร้อนไว้ที่350องศาแล้วเมื่อเธอออกมามันร้อนแล้วเธอให้ร้อนก่อนดีกว่าเอาเตาอบนวมอิสตาห์ที่รัก,จากนิวยอร์คถึงคอมป์ตันมีYGอยู่กับฉันอย่าเข้ามาโดนกระทืบล่ะพวกแกรู้ใช่มั้ยว่าฉันเป็นใครฉันเตรียมอุ่นเตาอบไว้350องศาแล้วนะและถ้าแกออกมาเมื่อไหร่ฉันจะเผาแกให้ราบเตรียมถุงมือรับเตาอบไว้ให้ดีล่ะอีดอกYoungMoneyไงล่ะที่รัก
397,I see the pain hidden in your pride,ฉันเห็นความเจ็บปวดที่ซ่อนอยู่ในความภาคภูมิใจของเธอ,เห็นความเจ็บปวดที่ซ่อนอยู่ในศักดิ์ศรีของนาย
398,Unlaced Adidas,อาดิดาส,อดิดาสไม่ผูกเชือก
399,That is how we are livin’ our life oh,นั่นคือวิธีที่เราถูกทําร้ายชีวิตของเราโอ้,นี่แหละชีวิตแบบพวกเรา
400,Hear no evil speak no evil,ไม่มีความชั่วร้ายพูดไม่ชั่วร้าย,ไม่ฟังเสียงความชั่วร้ายไม่พูดเรื่องเลวร้าย
401,Baby come back to me come back to me,ที่รักกลับมาหาฉันอีกครั้ง,ที่รักกลับมาหาฉันนะ
402,how things really happen,เกิดอะไรขึ้นจริงๆ,ว่าอะไรแบบนี้มันเกิดขึ้นได้ยังไง
403,Like the 405 I drive through,เช่นเดียวกับ405Iขับรถผ่าน,เหมือนถนนสาย405ที่ฉันขับผ่าน
404,Under the January rain,ฝนในเดือนมกราคม,ท่ามกลางสายฝนเดือนมกราคมแบบนี้สิ
405,And sings her songs,และร้องเพลงของเธอ,และร้องเพลงของเธอ
406,And they would get it three days later,แล้วอีกสามวันก็เสร็จค่ะ,จากนั้นพวกเขาก็จะได้รับในอีกสามวันให้หลัง
407,On your own you can go ahead tell them,ด้วยตัวเองคุณสามารถไปข้างหน้าบอกพวกเขา,ก็เชิญเอาไปอวดพวกนั้นได้เลย
408,Was it just that easy or were you mistaken,มันเป็นเรื่องง่ายหรือคุณเข้าใจผิด,มันง่ายเหลือเกินหรือว่าเธอคิดผิดไปกันแน่
409,And you would be standin’ in my front porch light,ไฟระเบียงหน้าบ้านฉันน่ะ,และเธอก็จะมายืนอยู่ที่ใต้แสงไฟชานหน้าบ้านของฉัน
410,I missed the karma that came as a consequence,ฉันพลาดกรรมที่มาเป็นผล,ฉันลืมเรื่องกรรมที่เป็นผลลัพธ์ในเรื่องนั้นไป
411,And you are lost without me,และคุณกําลังหลงทางโดยปราศจากฉัน,และหลงทางไปโดยไม่มีฉัน
412,Supernatural,(หัวเราะ),เหนือธรรมชาติจริงๆ
413,Let go of the wheel and drive,เอาล้อแล้วก็ขับค่ะ,ปล่อยพวงมาลัยแล้วซิ่งไปกันเลย
414,I feel paralyzed,ฉันรู้สึกเป็นอัมพาต,รู้สึกชาไปหมด
415,About what we would say,เกี่ยวกับสิ่งที่เราจะพูด,เกี่ยวกับสิ่งที่เราพูดเลย
416,That is why I answer anytime you want to talk,นั่นคือเหตุผลที่ฉันตอบทุกเวลาที่คุณต้องการคุย,ฉันถึงตอบเธอทุกๆครั้งที่เธออยากจะคุยกับฉัน
417, Mother cannot you help me now,แม่เธอช่วยฉันไม่ได้ละตอนนี้,แม่ครับช่วยทีได้ไหม
418,With a whole new attitude,ด้วยทัศนคติใหม่ทั้งหมด,พร้อมกับทัศนคติใหม่ๆ
419,But when you are alone just know,แต่เมื่อคุณอยู่คนเดียวแค่รู้,แต่ยามที่เธออยู่ตัวคนเดียวรู้ไว้นะ
420,You are so above me I am under you,เธอนั้นเหนือฉันแล้วฉันอยู่ข้างใต้เธอ,เธออยู่บนตัวฉันฉันอยู่ข้างล่างเธอ
421,Go and get it,ไปเอาเลย,ก็ไปคว้ามันมาเลย
422,So dark,มืดมาก,โลกช่างมืดมน
423,I really want to know you all,ฉันอยากจะรู้จักพวกเธอทุกคนจริงๆนะ,ฉันอยากจะรู้จักทุกๆคนเลย
424,She said “In honesty he was not fly when I met him”,หล่อนบอกความซื่อสัตย์สุจริตเขาไม่บินเมื่อฉันเจอซาก,เธอบอกว่า“จริงๆนะตอนฉันเจอเขาเนี่ยไม่เห็นดูดีเลย”
425,No I do not fear no more,ไม่ฉันไม่กลัวอีกต่อไป,ฉันไม่กลัวอะไรอีกแล้ว
426,If I make you mad so what so what,ถ้าฉันทําให้คุณโกรธอะไร,หากฉันทำให้เธอโกรธก็แล้วไงล่ะ
427,You are worthy of all of the love in the world,คุณมีค่าของความรักทั้งหมดในโลก,คุณน่ะควรจะได้รับความรักจากโลกทั้งใบนี้
428,Climb the highest peak to be right beside you,ขึ้นสูงที่สุดแล้วจะอยู่ข้างๆคุณ,ปีนยอดเขาที่สูงที่สุดเพื่อให้ได้อยู่เคียงข้างเธอ
429,So let us take what we found,ดังนั้นให้เราใช้สิ่งที่เราพบ,ดังนั้นมาเอาสิ่งที่เราได้พบนี้
430,And fill up this bitter empty space,และเติมพื้นที่ว่างเปล่าที่ขมขื่นนี้,และเติมเต็มช่องว่างอันขมขื่นนี้
431,I have been through harsh winters with ripped in half socks shorts tanktops,ฉันผ่านฤดูหนาวที่โหดร้ายและฉีกในถุงเท้าครึ่งกางเกงขาสั้น,ฉันก้าวผ่านฤดูหนาวอันแสนรุนแรงด้วยถุงเท้ากางเกงและเสื้อที่ขาดสะบั้น
432,To when it was good,ถึงเมื่อมันดี,ในตอนที่มันยังดีอยู่
433,Weighing down on me,ชั่งน้ําหนักลงกับฉัน,มันหนักหนาจริงๆเลย
434,Would you like me,คุณอยากได้ฉันไหม,เธอจะยังชอบฉันมั้ย
435,No matter what I say or do,ไม่ว่าฉันจะพูดอะไรหรือทํา,ไม่ว่าฉันจะพูดหรือทำอะไร
436,I only ever wanted to come home,ฉันแค่อยากจะกลับบ้าน,ฉันเพียงอยากจะกลับบ้านเท่านั้นเอง
437,You came back on a Tuesday,คุณกลับมาในวันอังคาร,และเธอก็กลับมาในวันอังคาร
438,Gettin’ clamped up and sittin’ on the fence now,ตอนนี้ถูกจับโยโตและถูกยึดบนรั้วแล้ว,ติดแหง่กอยู่อย่างนี้นั่งอยู่บนรั้ว
439,Hypnotic the way you move,รวยวิธีที่เธอเคลื่อนไหว,ท่วงท่าของเธอมันสะกดใจฉันได้จริงๆ
440,So I am starting to regret not telling all of this to you,ดังนั้นฉันเริ่มเสียใจที่ไม่ได้บอกทั้งหมดนี้กับคุณ,ฉันเสียใจที่ไมได้บอกความรู้สึกนี้ไป
441,Man overboard my heart breaks on the shore,ผู้ชายลงทะเลหัวใจของฉันแตกบนชายฝั่ง,ตกลงไปในทะเลหัวใจฉันสลายอยู่บนฝั่ง
442,Because I am the foolish one that you anointed with your heart,เพราะฉันเป็นคนโง่ที่คุณโง่เขลากับหัวใจของคุณ,เพราะฉันคือคนโง่ที่เธอเลือกมาด้วยหัวใจของเธอ
443,You spoke like broken thunder,คุณพูดเหมือนฟ้าร้องที่แตก,เธอพูดออกมาเหมือนกับสายฟ้าฟาด
444,You are fading,คุณกําลังจางหายไป,เธอกำลังเลือนหายไป
445,I cannot believe there is something left in my chest anymore,ฉันไม่อยากจะเชื่อเลยว่ามีบางอย่างเหลืออยู่ที่หน้าอกของฉันอีกต่อไป,ไม่อยากเชื่อเลยว่ายังมีบางสิ่งที่อยู่ในอกของฉันอยู่
446, Thereover hereunder,อยู่ที่ข้างล่างค่ะ,ไม่ว่าจะที่ใดก็ตาม
447,Big Freedia better known as queen diva,ใหญ่ดีกว่าหรือรู้จักกับผู้หญิงเบียง,BigFreediaรู้จักเอาไว้ในฐานะราชินีดีว่า
448,Cannot wait to get you shook up,แทบรอไม่ไหวที่จะให้เธอส่ายขึ้น,อดใจรอไม่ไหวแล้วที่จะทำให้เธอสั่นไปทั้งตัว
449,I can move in the room full of wolves so swift so smooth,ฉันสามารถย้ายในห้องที่เต็มไปด้วยหมาป่าอย่างรวดเร็วราบรื่นมาก,ฉันเข้าไปในห้องที่เต็มไปด้วยหมาป่าดุร้ายได้อย่างรวดเร็วและเนียน
450,And I remember you told me Told me,และฉันจําได้ว่าเธอบอกฉันนะ,ฉันจำที่เธอบอกฉันได้
451,Because you are that lace trimmed danger,เพราะคุณเป็นลูกไม้ที่ตัดแต่งอันตราย,เพราะเธอคือมีดหุ้มลูกไม้
452,People be starving,ผู้คนกําลังหิว,ผู้คนมากมายกำลังหิวโหย
453,But something is missing,แต่มีบางอย่างขาดหายไป,แต่บางอย่างมันก็ขาดหายไปนะ
454,Yeah for the first time in my life,ใช่เป็นครั้งแรกในชีวิตของฉัน,เป็นครั้งแรกในชีวิตเลย
455,She is heading for something that she will not forget,เธอกําลังมุ่งหน้าไปที่สิ่งที่เธอจะไม่ลืม,เธอนั้นมุ่งหน้าไปในสิ่งที่เธอไม่มีวันลืม
456,But shit I guess not I thought I will be done,แต่บ้าจริงฉันเดาว่าไม่ฉันคิดว่าฉันจะทําเสร็จละ,แต่ให้ตายสิมันผิดไปเลย
457,Even with time you will never learn to move on,แม้เมื่อเวลาผ่านไปคุณจะไม่ได้เรียนรู้ที่จะเดินหน้าต่อไป,แม้จะมีเวลานานแล้วแต่เธอก็ไม่เคยก้าวผ่านไปได้สักที
458,No pain they say there is no gain,ไม่มีความเจ็บปวดที่พวกเขาบอกว่าไม่มีกําไร,ถ้าไม่เคยเจ็บปวดเค้าว่ากันว่าจะไม่ได้รู้สึกถึงความสุขเลย
459,In the middle of the night yeaa,ตรงกลางดึกค่ะ,ในยามค่ำคืน
460,Sheesh Sheesh but you are perfectly,ให้ตายเหอะแต่คุณสมบูรณ์แบบ,ให้ตายสิแต่เธอนี่มัน 
461,Just like we are famous,เหมือนที่เราดังมากเลยค่ะ,เหมือนเราเป็นคนดัง
462,If you with it girl I know a place we can go,ถ้าเธออยู่กับมันฉันรู้สถานที่ที่พวกเราไปได้,หากเธอพร้อมฉันรู้ว่าเราจะไปที่ไหนกันดี
463,Thought I had it mapped out but I guess I did not,คิดว่าฉันมีแผนที่ละแต่ฉันเดาว่าฉันไม่ได้ละ,เคยคิดว่าฉันรู้อยู่แล้วว่ามันเป็นยังไงแต่ไม่ใช่เลย
464,Come back clearly to me,กลับมาชัดเจนกับฉันสิ,ย้อนกลับมาหาฉันอย่างชัดเจน 
465,I would do anything for you babe,ฉันจะทําอะไรให้คุณที่รัก,ฉันยอมทำทุกๆอย่างเพื่อเธอนะที่รัก
466,Need an adversary to my down and weary,ต้องการปรปักษ์กับผมและเหนื่อยล้า,ต้องการศัตรูที่คอยสู้กับความเศร้าและความเหนื่อยล้าของฉัน
467,Popstar lil’ Mariah,ยอร์คมาร์iah,แม่ป๊อปสตาร์เหมือนมารายห์เลยนะ
468,You are getting misinformation,คุณได้รับข้อมูลที่ผิด,แต่เธอได้ข้อมูลผิดๆไปนะ
469,Because I been drinking all night long,เพราะฉันดื่มตลอดทั้งคืน,เพราะฉันดื่มมาทั้งคืนแล้ว
470,Wall’s up made sure,โอเคขึ้นทําให้แน่ใจนะ,มันทำให้ต้องสร้างกำแพงหัวใจขึ้นมาและทำให้มั่นใจว่า
471,You crackers are not slick this is all a part of your tactics,คุณแครกเกอร์ไม่เนียนนี่เป็นส่วนหนึ่งของกลยุทธ์ของคุณ,พวกแกก็ไม่ได้ดีนักหรอกมันเป็นแผนของพวกแกทั้งนั้น
472, Hiding underground with the cool kids,ใต้ดินกับเด็กเย็น,หลบซ่อนอยู่ใต้ดินกับเหล่าเด็กเท่ๆ
473,What they said was not true you are beautiful,สิ่งที่พวกเขาพูดไม่เป็นความจริงคุณสวยงาม,สิ่งที่พวกนั้นพูดมันไม่เป็นเรื่องจริงเลยนะเธอน่ะงดงาม
474,It is eleven degrees and I can see my breath so I know I am breathing,มันสิบเอ็ดองศาและฉันสามารถเห็นลมหายใจของฉันดังนั้นฉันรู้ว่าฉันหายใจ,ตอนนี้มัน11องศาฟาเรนไฮต์และฉันเห็นลมหายใจตัวเองได้เลยรู้ว่าฉันกำลังหายใจอยู่
475,But do not tell me you are sorry boy,แต่อย่าบอกฉันว่าเธอขอโทษนะผู้ชาย,แต่อย่าบอกว่าเธอขอโทษนะเลยที่รัก
476,Will not you dance with me,จะไม่เต้นกับฉันหรอก,มาเต้นกับฉันมั้ย
477,The things you need to feel alright Your case is hopeless,สิ่งที่คุณต้องรู้สึกไม่เป็นไรกรณีของคุณหมดหวัง,สิ่งที่เธอต้องการรู้สึกว่ามันโอเครณีของเธอนี่มันสิ้นหวังจริงๆ
478,Tonight we are going out out,คืนนี้เราจะออกไปข้างนอก,คืนนี้เราจะไปเที่ยวกัน
479,Just because you are clean do not mean you do not miss it,เพียงเพราะคุณสะอาดไม่ได้หมายความว่าคุณจะไม่พลาด,แค่เพราะเธอน่ะใสสะอาดไม่ได้แปลว่าเธอไม่คิดถึงมันหรอกนะ
480,It is all about tonight,ทุกอย่างเกี่ยวกับคืนนี้เลยค่ะ,มีแต่เรื่องของคืนนี้เท่านั้น
481,Yeah it is one step forward and three steps back,ใช่มันคือหนึ่งก้าวไปข้างหน้าและอีกสามขั้นตอนกลับ,มันเหมือนฉันก้าวไปข้างหน้าได้ก้าวเดียวแล้วก็ต้องถอย3ก้าวเสมอ 
482,Be ashamed of the trail behind us,ละอายใจกับเส้นทางที่อยู่เบื้องหลังเรา,ที่เต็มไปด้วยฝุ่นละอองที่ไล่ตามหลังเรามาเป็นทาง
483,Wonder if those eyes are really shut,สงสัยว่าหากดวงตาเหล่านั้นปิดจริงๆ,สงสัยว่าเธอหลับตาลงแล้วจริงๆรึเปล่านะ
484,And this is just another sad song,และนี่เป็นอีกเพลงที่น่าเศร้า,และนี่ก็เป็นแค่เพลงเศร้าอีกเพลง
485,I done made millions of dollars,ฉันทําเงินหลายล้านดอลลาร์เสร็จแล้ว,ฉันทำเงินได้เป็นล้านๆแล้วนะ
486,If you were my boyfriend,ถ้าเธอเป็นแฟนของฉัน,ถ้าเธอเป็นแฟนของฉัน
487,Higher powers taking a hold on me,พลังที่สูงขึ้นทําให้ฉันถือได้,อำนาจเบื้องบนมันเข้าครอบงำฉัน
488,But I sped off in a Benzy I see the envy when I am causing a frenzy,แต่ฉันแล่นออกไปอย่างเร่งรีบฉันเห็นอิจฉาเมื่อฉันบ้าคลั่ง,แต่ฉันจะซิ่งความเร็วหนีมาในรถเบนซ์ฉันเห็นความอิจฉาริษยาเพราะเมื่อฉันคลั่ง
489,Yeah we could have been Oh no,ใช่พวกเราน่าจะได้โอ้ไม่นะ,เราน่าจะรักกันได้
490,When life was simple,เมื่อชีวิตเรียบง่าย,ที่ชีวิตฉันมันแสนเรียบง่าย
491, They say I am bad you say it back,พวกเขาบอกว่าฉันไม่ดีคุณพูดว่ากลับมา,พวกเขาต่างบอกว่าฉันมันเลวเธอก็พูดเออออไปตามนั้น
492, The straw that fills your heart,ฟางที่เติมเต็มหัวใจของคุณ,ฟางที่เติมเต็มหัวใจของเธอ
493,Before the night is over,ก่อนคืนจะจบ,ก่อนที่ค่ำคืนนี้จะสิ้นสุดลง
494,I am her cool I am her crazy,ฉันเป็นหล่อนที่เจ๋งฉันเป็นบ้า,คือความเท่ความบ้าของเธอ
495,Got your gun I have got my dad,มีปืนของเธอฉันได้พ่อของฉันละ,เธอมีปืนของเธอฉันก็มีพ่อของฉัน
496,Neo I am the one like I had direction,นีโอฉันเป็นคนที่มีทิศทาง,ฉันนี่แหละนีโอจากTheMatrixคือหนึ่งเดียวที่มีทิศทางอันนี้เล่นคำกับOneDirectionด้วย
497,That I used to love you,นั่นฉันเคยรักคุณ,ว่าฉันเคยรักเธอนะ
498,Walking on the beach,เดินบนชายหาด,เดินเล่นริมชายหาด
499,the sun will rise the sun will rise,พระอาทิตย์จะขึ้น,ดวงตะวันจะลอยเด่น
500,Oh be mine,โอ้เป็นของฉัน,เป็นให้ฉันเถอะ
501,Where the winter does not freeze the sea,ฤดูหนาวไม่แช่แข็งทะเลที่ไหน,ที่ที่ฤดูหนาวไม่ทำให้ทะเลเยือกแข็ง
502,I am fading replaying,ฉันเริ่มจากห้องอ่ะ,ฉันกำลังเลือนหายไปเล่นซ้ำภาพเก่าๆ
503,I am lookin like Madonna but I am flossing like Ivana,ฉันกําลังมองหามาดอนน่าแต่ฉันเป็นไหมขัดฟันไหม,ฉันอาจจะดูเหมือนมาดอนน่าแต่ฉันก็รวยเหมือนIvanaTrump
504,Never give the time back,ไม่เคยให้เวลากลับไป,ไม่คืนเวลาให้หรอกนะ
505,You deserve to have so much more,คุณสมควรที่จะมีมากขึ้น,เธอสมควรได้รับอะไรตอบแทนมากกว่านี้
506,A lover who waits all night,คนรักที่รอตลอดทั้งคืน,คู่รักที่เฝ้ารอทั้งคืน
507, Still I always,ฉันยังคงทําเสมอ,และฉันก็ยังคง
508, Creation shows me what to do,การสร้างโชว์ให้ฉันเห็นว่าต้องทําอย่างไร,สรรพสิ่งทั้งหลายแสดงให้ฉันเห็นว่าฉันควรจะทำอะไร
509, Even though i am flying high the sky can change one day,แม้ว่าฉันจะบินสูงท้องฟ้าสามารถเปลี่ยนได้วันหนึ่ง,ถึงแม้ฉันจะบินสูงเพียงใดท้องฟ้าจะต้องเปลี่ยนแปลงไปซักวันนึง
510,No the sunshine never comes,ไม่ซันไชน์ไม่เคยมา,มันไม่เคยสาดส่องลงมา
511,When you are movin’ your body around and around,เมื่อเธออยู่ข้างนอกร่างกายของเธอรอบๆและรอบๆ,เวลาที่เธอขยับเรือนร่างของเธอไปมา
512, Oh and every word in every line,โอ้และทุกคําในทุกบรรทัด,ทุกๆคำในทุกๆท่อน
513,And you are not got to walk no thousand miles,และเธอไม่ต้องเดินไม่นับพันไมล์,และนายก็ไม่จำเป็นต้องเดินเป็นพันๆไมล์
514,And we take take take it for granted that we will be the same nothing’s going to be the same,และพวกเรารับมันเพราะพวกเราจะเป็นคนที่เหมือนกัน,แล้วเราก็จะมองข้ามไปว่าเราจะยังคงเป็นเหมือนเดิมไม่มีอะไรเหมือนเดิมตลอดไปหรอก
515,I do not check the price all I do is swipe,หนูไม่เช็คราคาที่พี่ใช้คือรูดไปค่ะ,ฉันไม่ดูราคาหรอกนะรูดบัตรเอาอย่างเดียว
516,These words I need to hear from you,คําเหล่านี้ฉันจําเป็นต้องได้ยินจากคุณ,คำพูดที่ฉันต้องการได้ยินจากเธอ
517,That is how we are livin’ our life oh,นั่นคือวิธีที่เราถูกทําร้ายชีวิตของเราโอ้,นี่แหละชีวิตแบบพวกเรา
518,And it is much too late for us,และมันก็สายเกินไปสําหรับเรา,และมันสายเกินไปสำหรับเราแล้วล่ะ
519,So start again,เริ่มใหม่อีกครั้ง,เรามาเริ่มต้นใหม่กันเถอะ
520,Let us try being in love,ให้เราพยายามอยู่ในความรัก,มาลองตกหลุมรักกันเถอะ
521,Love is our gasoline,รักคือน้ํามันเบนซินของเรา,ความรักคือเชื้อเพลิงของเรา
522,Take me to my beach,พาฉันไปที่ชายหาดของฉัน,พาฉันไปยังชายหาดของฉันที
523,And if I need your light be my star,และถ้าฉันต้องการให้แสงของคุณเป็นดาวของฉัน,และหากฉันต้องการแสงสว่างจากเธอก็ช่วยเป็นดวงดาวให้ฉันที
524,I think we gettin’ too deep shit I am talkin’ might be too true,ฉันคิดว่าพวกเราโคตรลึกเลยฉันเป็นบ้าอ่ะฉันอาจจะจริงเกินไปนะ,ฉันคิดว่าเราลึกซึ้งกันเกินไปละสิ่งที่ฉันพูดอาจจะตรงเกินไปก็ได้
525, Last chance fancy pants oh well,โอกาสสุดท้ายกางเกงแฟนซีโอ้ดี,โอกาสสุดท้ายแล้ว
526,No expectations at all No,ไม่มีความคาดหวังเลย,ไม่ต้องคาดหวังอะไรเลยสักนิด
527, Tell them haters in the back what they lack is,บอกพวกเขาว่าผู้เกลียดชังในด้านหลังสิ่งที่พวกเขาขาดคือ,จะบอกพวกที่เกลียดฉันให้นะว่าพวกนั้นขาดอะไรไป
528,Going To live forever 5x,จะมีชีวิตอยู่ตลอดไป5x,จะอยู่ตลอดไป
529,Before we started it was over,ก่อนที่เราจะเริ่มมันจบแล้ว,ก่อนที่เราจะเริ่มมันก็จบลงเสียแล้ว
530,Give me your body and let me love you like I do,ให้ร่างกายของเธอแก่ฉันและให้ฉันรักเธอเหมือนฉันนะ,มอบร่างกายของเธอให้กับฉันและให้ฉันรักเธออย่างที่ฉันถนัด
531,Your memory is haunting me,ความทรงจําของคุณคือฉันหลอน,ความทรงจำของเธอยังคงหลอกหลอนฉัน
532, Maybe it is about the time,บางทีมันอาจจะเกี่ยวกับเวลา,บางทีมันอาจจะถึงเวลาแล้ว
533,You are everything that every guy dreams of,เธอคือทุกสิ่งที่ทุกๆคนฝันของทุกๆคน,เธอคือทุกๆสิ่งที่ผู้ชายทุกๆคนใฝ่ฝันถึง
534,But that changed,แต่นั่นเปลี่ยนไป,แต่มันก็เปลี่ยนไปแล้ว
535,How would I tell her that she is all I think about think about,ฉันจะบอกเธอได้อย่างไรว่าเธอคือทั้งหมดที่ฉันคิดว่าเกี่ยวกับความคิด,ฉันจะบอกเธอยังไงดีว่าฉันคิดถึงแต่เธอ
536, I had no choice but to hear you,ฉันไม่มีทางเลือกแต่ได้ยินคุณ,ฉันไม่มีทางเลือกอื่นนอกจากฟังเธอ
537, Wait pause Jason just liked my selfie,รอแปปนะเจสันแค่ชอบเซลฟี่ของฉันอ่ะ,อุ๊ยเดี๋ยวนะเจสันพึ่งกดไลค์รูปฉัน
538,You used to say my name so proudly,คุณเคยพูดชื่อความภาคภูมิใจของฉัน,เธอเคยพูดชื่อฉันออกไปอย่างภูมิใจ
539,Just face it we did not make it,แค่หน้ามันเราไม่ได้ทํามัน,ยอมรับเถอะเราไปกันไม่รอด
540,I did the mother thing I did the wife thing,ฉันทําสิ่งที่ฉันทํากับภรรยา,ฉันไปทำหน้าที่แม่หน้าที่เมีย 
541,I am grillin’ and I am fuckin’ at the same time,ฉันสบายดีและฉันรีบไปในเวลาเดียวกันนะ,ฉันจ้องแล้วก็มีเซ็กซ์กับเธอไปพร้อมๆกัน
542,This is what you want to belong so they like you,นี่คือสิ่งที่คุณต้องการที่จะเป็นดังนั้นพวกเขาจึงชอบคุณ,นี่คือสิ่งที่เธอต้องการเพื่อให้เข้ากับใครๆใดให้ทุกๆคนชอบเธอ
543,We fall for each other at the wrong time,เราตกหลุมรักกันในเวลาที่ผิด,เราตกหลุมรักกันผิดเวลาไปสักนิด
544,And during the struggle he accidentally gets his Adam’s apple sliced No,และระหว่างการต่อสู้เขาเผลอทําแอปเปิ้ลสไลด์ไม่ตั้งใจ,และระหว่างที่สู้กันมันก็เผลอทำมีดปาดคอตัวเองไม่นะ
545,Leggo watch me,บ้าจริงดูฉันสิ,ลุยกันเลยดูฉันนะ
546,Should have let me sleep,น่าจะให้ฉันนอนนะ,น่าจะปล่อยให้ฉันหลับใหล
547,Seems like you do not even mean what you say,ดูเหมือนว่าคุณไม่ได้หมายถึงสิ่งที่คุณพูด,ดูเหมือนว่าเธอไม่ได้ตั้งใจจะพูด
548,Would you like me to be smaller weaker softer taller,พี่อยากให้หนูตัวเล็กลงไหมคะถ้าสูงกว่านี้,เธออยากให้ฉันตัวเล็กลงอ่อนแอลงบอบบางลงสูงขึ้นหรอ
549,Oh yes bring me the money,โอ้ใช่เอาเงินมาให้ฉัน,เอาเงินมาให้ฉันสิ
550,It does not make me wrong,มันไม่ได้ทําให้ฉันผิด,แต่มันไม่ได้ทำให้ฉันเป็นคนผิดไปหรอก
551, Boy I got a PhD I got a Masters in boyoloExplaingy,เด็กชายฉันมีปริญญาเอกฉันได้รับโทในเอชทีซี,หนุ่มน้อยฉันได้ปริญญาเอกมาแล้วนะเอกสาขาเรื่องของผู้ชายด้วยแหละ
552,They are running out of in the market,พวกเขาหมดตลาด,ไม่มีในตลาดแล้ว
553,So do not say love say love say love say love,ดังนั้นอย่าบอกว่าความรักบอกว่ารักพูดรัก,เพราะงั้นก็อย่าพูดว่ารักเลย
554,My little diva I will pull you under,เธอจะไปส่งเธอภายใต้ผู้หญิงตัวน้อยของฉัน,ดีว่าตัวน้อยๆของฉันฉันจะถึงเธอเข้ามา
555,That is the life of a Virgo never gettin’ mad,นั่นคือชีวิตของหญิงสาวที่ไม่เคยโกรธ,นี่สินะชีวิตของราศีกันย์ไม่เคยโกรธใคร
556,It is the sweetest in the middle yeah,มันหวานในตรงกลางใช่,ที่อยู่ตรงกลางเนี่ยมันหวานที่สุดแล้วนะ
557,And feel like you were there yourself,และรู้สึกเหมือนคุณอยู่ที่นั่นด้วยตัวเอง,และรู้สึกเหมือนว่าเธออยู่ตรงนั้นคนเดียว
558,I I thought I would break,ฉันนึกว่าฉันจะพัง,คิดว่าหัวใจฉันคงแตกสลาย
559, I am Mrs You want a piece of me’,ฉันคือคุณผู้หญิงคุณต้องการชิ้นส่วนของWaitch,ฉันคือยัย’อยากมีเรื่องกับฉันหรอ’
560,Know my art,รู้จักศิลปะของฉัน,ศิลปะของฉันน่ะ
561,Baby make me,ที่รักทําให้ฉัน,ที่รักทำให้ฉัน
562,I know I was caught up always put you first I,ฉันรู้ว่าฉันติดเธอเสมอก่อน,ฉันรู้ว่าฉันติดใจเธอแล้วและก็ให้เธอสำคัญที่สุดเสมอมา
563,Your hope is at its end you just need one friend,ความหวังของคุณคือสิ้นสุดแล้วคุณต้องการเพื่อนคนหนึ่ง,และความหวังของเธอสิ้นสุดลงเธอต้องการแค่เพื่อนคนหนึ่งนะ
564,Pink slip for the ride but what is in the trunk it is illegal,สลิปสีชมพูสําหรับการเดินทางแต่สิ่งที่อยู่ในท้ายรถมันผิดกฎหมาย,มีใบขับขี่สีชมพูถูกกฏหมายแต่สิ่งที่อยู่หลังรถน่ะผิดกฏหมายนะ
565,I am building castles in the sky,ฉันกําลังสร้างปราสาทในท้องฟ้า,ฉันจะสร้างปราสาทบนฟากฟ้าแทนละ
566, If I lay here,ถ้าฉันนอนที่นี่,หากฉันนอนอยู่ตรงนี้
567,Let the moment take you,แปปนะคะ,ให้ช่วงเวลานี้พาเธอไป
568,Toyota DealaThon had it cheap on the Jeeps,ToyotaSchakerราคาถูกบนToyota,ขับโตโยต้าส่งของแบบมาราธอน
569,Making plans for enemies,ทําแผนสําหรับศัตรู,กำลังวางแผนสำหรับพวกศัตรู
570,So we do not want to never turn down,ดังนั้นเราจึงไม่ต้องการปิดลง,เราไม่เคยอยากปฏิเสธใครหรอกนะ
571,I spent my whole life wasted in bars with boys,ฉันใช้เวลาทั้งชีวิตของฉันสูญเปล่าในบาร์กับเด็กชาย,ฉันใช้เวลาทั้งชีวิตฉันเมามายอยู่ในบาร์กับหนุ่มๆ
572, I do not regret a thing,ฉันไม่เสียใจเลย,ฉันไม่เสียดายอะไรเลยสักอย่าง
573,Let us get in trouble trouble trouble trouble ,ให้เราประสบปัญหา,มาก่อปัญหากันเถอะ
574,I never meant to be so cold,ฉันไม่เคยตั้งใจจะหนาวขนาดนี้,ฉันไม่ได้อยากจะเป็นคนเย็นชาขนาดนี้เลย
575,Because love is louder than all your pain,เพราะความรักดังกว่าความเจ็บปวดทั้งหมดของคุณ,เพราะความรักนั้นยิ่งใหญ่กว่าความเจ็บปวดทั้งหลายของเธอ
576,Easy coming easy go I am ready to hit the road,มาง่ายไปฉันพร้อมที่จะตีถนน,มาเร็วไปเร็วฉันพร้อมจะลงไปโลดแล่นบนถนนแล้ว
577,No handouts nigga I’ma get it how I live,ไม่ส่งเอกสารประกอบได้rnrnพวกเราเอามันยังไงฉันอยู่อ่ะ,ไม่มีของบริจาคหรอกนะฉันจะคว้ามันมาในแบบที่ฉันใช้ชีวิตนี่แหละ
578,Drippin’ on that work trippin’ off that perc,กําลังทํางานอยู่นะเลิกงานแล้ว,ทุ่มเต็มที่กับงาน
579,All a sudden I am hypnotized,ทันใดนั้นฉันก็เบื่ออ่ะ,ทันใดนั้นฉันก็ต้องมนตร์สะกด
580,Ruby blue and green neon too,รูบี้บลูกับสีเขียวนีออนเหมือนกัน,สีทับทิมสีฟ้าสีเขียวและแสงไฟนีออนด้วย
581,Like a motherfucker,อย่างเช่นดอทคอม,เป็นอารมณ์เสียใส่ฉันทั้งนั้นเลย
582,Huh he calls me up and he is like I still love you,ฮะเขาโทรหาฉันและเขาเหมือนฉันยังรักเธออยู่,แล้วเขาก็โทรหฉันแล้วบอกว่า“ผมยังรักคุณอยู่นะ”
583, Midnight rush with a pen in my hand,ยามเช้าเร่งรีบด้วยปากกาในมือของฉัน,ความเร่งรีบยามเที่ยงคืนพร้อมด้วยปากกาในมือ
584,And the world’s a better place,แล้วร้านที่ดูดีกว่านี้ล่ะคะ,โลกใบนี้ก็น่าอยู่ขึ้นมาทันใด
585,I bought my fake ID for you,ฉันซื้อIDปลอมให้เธอ,ฉันไปทำบัตรประชาชนปลอมมาเพื่อเธอเลยนะ
586,Evidence of us all around,หลักฐานของเราทุกคนรอบตัว,หลักฐานของเราสองนั้นอยู่ทั่วทุกแห่ง
587,Ooh do not forget lose your chance if you play me to the left to the left,โอ้อย่าลืมเสียโอกาสของเธอถ้าเธอเล่นฉันทางด้านซ้าย,อย่าลืมนะเธอจะเสียโอกาสไปหากเธอไม่ตรงไปตรงมากับฉัน
588,Watching through the window,ดูผ่านหน้าต่าง,มองเธอผ่านทางหน้าต่าง
589,They were gone in a dash,พวกเขาอยู่ในเส้นประ,พวกนั้นหายไปในชั่วพริบตา
590,Up in flames I still burn for you oohooh,อยู่ในเปลวไฟฉันยังเผาเพื่อเธออยู่เลย(หัวเราะ),กลางกองเพลิงฉันยังคงลุกเป็นไฟเพื่อเธอ
591,Is there anything in this world that I could do,มีสิ่งใดในโลกนี้ที่ฉันสามารถทําได้,มีทางไหนบ้างที่ฉันจะทำได้
592, go ahead and take it,เอาเลยค่ะเอาเลยค่ะ,เอาสิเธอต้องทำได้
593,So sure that we were never lost,ดังนั้นแน่ใจว่าเราไม่เคยหลงทาง,มั่นใจว่าเราจะไม่หลงทางแน่ๆ
594,Lost in your mind,เสียไปในใจของเธอ,หลงอยู่ในจิตใจของเธอ
595,That it brings me to my knees,มันพาฉันไปที่หัวเข่า,จนมันทำให้ฉันต้องทรุดลงเลยทีเดียว
596,So remember me when i am gone,ดังนั้นจําฉันได้เมื่อฉันไปนะ,ดังนั้นช่วยจำฉันไว้ด้วยนะในยามที่ฉันจากไปแล้ว
597, We will run where lights will not chase us,เราจะวิ่งไปที่ไฟจะไม่ไล่เรา,เราจะวิ่งไปยังที่ที่แสงสว่างไล่ตามเราไม่ถึง
598,It must be morning,ต้องเป็นตอนเช้าค่ะ,นี่มันคงเช้าแล้วสินะ
599,Get inside it,เข้าไปข้างใน,เข้าไปสิ
600,But in this jungle you cannot run,แต่ในป่านี้คุณไม่สามารถวิ่งได้,ในป่าแห่งนี้เธอวิ่งหนีไปไม่พ้นหรอก
601,So do not you dress it up toniiight,งั้นเธอไม่แต่งตัวมันละ,ไม่ต้องใส่เสื้อผ้าหรอกนะคืนนี้
602,If I cannot have you right now,ถ้าฉันไม่สามารถพาคุณไปตอนนี้ได้,หากฉันไม่ได้เธอมา
603,Girls like the summer we are gold uh,ผู้หญิงเหมือนฤดูร้อนที่พวกเราเป็นทองอ่า,สาวๆต่างชอบฤดูร้อนพวกเรานี่มีค่าจริงๆ
604,Because everybody here is wanting your body girl,เพราะทุกคนที่นี่ต้องการผู้หญิงร่างกายของเธอ,เพราะทุกๆคนที่นี่ต่างต้องการร่างกายของเธอทั้งนั้นแหละ
605,All the ones know I cannot do,ทุกคนรู้ว่าฉันทําไม่ได้,โดยไม่ต้องมีสิ่งที่ฉันรู้ว่าฉันทำไม่ได้
606,I believe there are beautiful things seen by the astronauts,ฉันเชื่อว่ามีสิ่งสวยงามที่นักบินอวกาศเห็น,ฉันเชื่อว่ามีสิ่งที่สวยงามซึ่งพบเห็นได้โดยนักบินอวกาศ
607,Straight for the castle,ตรงสําหรับปราสาท,ฉันมุ่งตรงไปยังปราสาทหลังนั้น
608,And I will not hide it anymore,และฉันจะไม่ซ่อนมันอีกต่อไป,จะไม่ปิดบังอีกแล้ว
609,So I wonder could it be,ดังนั้นฉันสงสัยว่ามันจะเป็น,ฉันเลยสงสัยว่าเธอจะใช่มั้ยนะ
610,I know when that hotline bling,ฉันรู้ว่าเมื่อสายด่วนblingนั้น,ฉันรู้ว่าเมื่อสายด่วนนี้่มันดังขึ้น
611,I can feel you in the air yeah let us sing something here yeah,ฉันรู้สึกถึงเธอในอากาศได้ละปล่อยให้พวกเราร้องเพลงที่นี่อือ,ฉันรู้สึกได้ถึงเธอในอากาศมาร้องเพลงกันหน่อยดีกว่า
612,Just not your lies,ไม่ใช่แค่การโกหกของคุณ,พอกันทีกับคำโกหกของเธอ
613, Open up your eyes,เปิดตาคุณ,ลืมตา
614,Shine on us,แจ่มใสกับพวกเรา,สาดแสงส่องมายังพวกเรา
615,I hit JGRXXN like “what is the deal bruh”,ฉันตีซีซีเอสเหมือนดีลดอทคอมคือดอทคอม,ฉันโทรหาJGRXXNแล้วบอกว่า“เป็นไงบ้างพวก”
616,It is a brand new start,มันเป็นการเริ่มต้นใหม่เอี่ยม,มันคือการเริ่มต้นใหม่
617,And let this night pass me by,แล้วคืนนี้ให้ฉันผ่านละ,และปล่อยให้ค่ำคืนนี้ผ่านเลยไป
618,How you comprehend what you are not understanding,คุณเข้าใจสิ่งที่คุณไม่เข้าใจ,แกจะมาทำความเข้าใจในสิ่งที่พวกแกไม่เข้าใจได้ยังไง
619,You must believe in something something something,คุณต้องเชื่อในบางสิ่ง,เราต้องเชื่อในบางสิ่ง
620,I am going to flow like a cool breeze,ฉันจะไหลเหมือนสายลมเย็นๆ,ฉันจะล่องลอยไปเหมือนลมเย็นๆ
621,Oh what more can I say,โอ้ฉันจะพูดอะไรได้อีก,ฉันจะพูดอะไรได้อีกล่ะ
622,You cannot go forcing something ,คุณไม่สามารถไปบังคับอะไรบางอย่างได้,เธอไปบังคับมันไม่ได้หรอก
623,Remember the days we spent together,จําวันที่พวกเราใช้เวลาด้วยกันนะ,ยังคงจำวันเวลาที่เรามีร่วมกันได้
624,I do not understand what this hate is about,ฉันไม่เข้าใจว่าความเกลียดชังนี้เกี่ยวกับอะไร,ไม่เข้าใจเลยจริงๆว่าจะเกลียดฉันทำไม
625,Your eyes are swallowing me,ดวงตาของคุณกําลังกลืนฉัน,ดวงตาของเธอมันกลืนกินฉันเข้าไป
626,But it consumes you,แต่มันใช้กับคุณ,แต่มันกลืนกินเธอ
627,We are going to be someday,พวกเราจะไปสักวัน,เราจะรักกันสักวันหนึ่ง
628,Nails and hair all long shoppin’ spree in Hong Kong,เล็บขาเดี่ยวและผมยาวตลอดจนสนุกสนานในฮ่องกง,ผมยาวเล็บยาวช็อปแหลกในฮ่องกง
629,True mi have di game pon lock dem wah code,จริงแล้วฉันมีเกมโดดล็อคพวกเขาว้ารหัส,ฉันใส่ล็อควงการนี้ไว้ถ้าอยากประสบความสำเร็จก็มาขอโค้ดปลดล็อคจากฉันสิ
630,Until I found myself in the wrong so wrong,จนกว่าฉันจะพบว่าตัวเองผิด,จนกระทั่งฉันพบว่าตัวเองนั้นผิดเหลือเกิน
631,By street but not the freeway,ข้างถนนแต่ไม่ใช่ฟรีเวย์,โดยเดินทางบนถนนแต่ไม่ใช่บนถนนไม่จำกัดความเร็ว
632,And they will try and they will try,และพวกเขาจะพยายามและพวกเขาจะพยายาม,และพวกเขาก็พยายาม
633,Making that peace attractive,ทําให้ความสงบนั้นน่าสนใจ,ทำให้ความสันตินี้น่าดึงดูดไงล่ะ
634,Said I will get you hot I know you oh so well,บอกว่าฉันจะทําให้เธอร้อนนะฉันรู้ว่าเธอโอ้เอ้อ,ผมจะทำให้คุณเร่าร้อนผมรู้จักคุณดีเลยล่ะ
635,Ok ok ok,โอเคโอเคโอเค,โอเค
636,While I am away,ในขณะที่ฉันอยู่ห่างไป,ตอนที่ฉันออกเดินทาง
637,We have been shot up beat up by the fallin’ of the arrows arrows arrows arrows,ลูกศรได้ถูกยิงขึ้นโดยนักยิงธนู,เราถูกยิงกระหน่ำด้วยห่าธนู
638, Because when I am down and I am done,เพราะเมื่อฉันลงและฉันทําเสร็จละ,เพราะเมื่อฉันรู้สึกแย่และเหมือนอยู่ที่ทางตัน
639,Kiss the girl she is not behind the door,จูบผู้หญิงที่หล่อนไม่อยู่หลังประตู,จูบเธอคนนั้นเธอไม่ได้อยู่หลังประตูอีกต่อไป
640,Freak me boy I am thinking of you,ฟรีกฉันเป็นผู้ชายฉันกําลังคิดถึงเธอ,ทำให้ฉันตื่นเต้นสิพ่อหนุ่มฉันกำลังคิดถึงเธอนะ
641,baby I am never going to leave you,ที่รักฉันไม่เคยไปทิ้งเธอ,ที่รักฉันจะไม่มีวันทิ้งเธอ
642,Smack that clap clap clap like you do not care,ตบมือข้างเคียงพอดีนั้นตบมือเหมือนคุณไม่สนใจ,ปรบปรบปรบมือเอาให้เหมือนว่าไม่ต้องแคร์อะไรเลย
643,Because there is just something about you,เพราะมีบางสิ่งเกี่ยวกับคุณ,มันมีบางสิ่งเกี่ยวกับตัวเธอ
644,In my dreams you are touching my face,ในความฝันของฉันเธอสัมผัสหน้าฉันละ,ในฝันของฉันเธอเข้ามาสัมผัสใบหน้าของฉัน
645,You used to be,เธอเคยเป็น,เธอเคยเป็น…
646, I do not like dropping names but Kurt Cobain is all in my face,ฉันไม่ชอบทิ้งชื่อแต่คุร์ตฮอร์ตส์นั้นอยู่ในหน้าของฉัน,ฉันไม่ค่อยชอบพูดถึงชื่อคนอื่นแต่KurtCobainนี่เต็มหน้าฉันเลย
647,Sounds like you are happy with her,ดูเหมือนว่าคุณมีความสุขกับเธอนะ,ฟังดูเหมือนจะมีความสุขกับผู้หญิงคนนั้นนะ
648,If I knew it would be the last time,ถ้าฉันรู้ว่ามันจะเป็นครั้งสุดท้าย,หากฉันรู้ว่านั่นจะเป็นครั้งสุดท้าย
649,You never answer the questions I ask you that is on you,คุณไม่เคยตอบคําถามที่ฉันถามให้คุณ,เธอไม่เคยตอบคำถามที่ฉันทำเธอเลย
650,They do not want no one to know long as you comfortable yeah,พวกเขาไม่ต้องการให้ใครรู้ตราบใดที่คุณสบายใจ,พวกเขาไม่อยากให้ใครรู้ตราบใดที่เธอรู้สึกปลอดภัย
651,It is true we will make a better day,มันเป็นความจริงที่เราจะทําให้วันดีขึ้น,และเราจะสร้างวันใหม่ที่สดใสกว่าเดิม
652,When there is a war that you cannot win,เมื่อมีสงครามที่คุณไม่สามารถชนะได้,เมื่อยามมีสงครามที่เจ้าชนะไม่ได้
653,So if that is what you are into then go ahead and move along,ดังนั้นถ้านั่นคือสิ่งที่คุณเข้าไปแล้วไปข้างหน้าและเดินตาม,แต่ถ้าพวกเธอสนใจอยากจะเป็นแบบนั้นก็เชิญเล้ยตามสบาย
654,And I just wanted you to know that this is me trying,และฉันแค่อยากให้คุณรู้ว่านี่เป็นสิ่งที่ฉันพยายาม,ฉันแค่อยากให้เธอรู้ไว้ว่านี่ฉันกำลังพยายามอยู่นะ
655,They do not own me,พวกเขาไม่ได้เป็นเจ้าของฉัน,ไม่มีใครเป็นเจ้าของฉัน
656,It is like a whirlwind inside of my head,มันเหมือนกับการหมุนภายในหัวของฉัน,เหมือนกับพายุหมุนภายในหัวฉัน
657,no I cannot,ไม่ฉันทําไม่ได้,ฉันทำไม่ได้
658,Never take advice from someone who is falling apart,อย่ารับคําแนะนําจากคนที่แตกสลาย,อย่าได้ฟังคำแนะนำจากคนที่กำลังใจสลาย
659,You got to be Heaven to see Heaven,เธอต้องสวรรค์เพื่อดูสวรรค์,คุณจะต้องเป็นสวรรค์ซะเองถึงจะได้พบสวรรค์
660,“Shady wait a minute that is my girl dog”,โอเครอสักนาทีนะนั่นคือผู้หญิงของฉัน,“Shadyเดี๋ยวก่อนสินั่นผู้หญิงของฉันไอหมาเอ๊ย”
661,You will face your fears,คุณจะเผชิญกับความกลัวของคุณ,ว่าเธอจะเผชิญหน้ากับความกลัวของเธอ
662,I have got vibes to sell people want them,ฉันมีความรู้สึกจะขายคนที่ต้องการ,มีความรู้สึกให้ขายทุกๆคนต่างต้องการมัน
663,If I know you two in there,ถ้าฉันรู้ว่าคุณสองคนในนั้น,หากฉันรู้ว่านายแอบมีใครอีกคนอยู่ด้วยกัน
664,I lose myself,ฉันสูญเสียตัวเอง,ฉันเสียสติไป
665,You can call me “baby” and all of the above,เธอโทรหาฉันได้นะบ้าอะไรเนี่ยและทั้งหมด,เธอจะเรียกฉันว่า“ที่รัก”และทั้งหมดนั้นเลยก็ได้ 
666,You would not wonder why you are here they do not deserve you”,คุณจะไม่สงสัยเลยว่าทําไมคุณอยู่ที่นี่พวกเขาไม่สมควรได้รับเงินเดือนนี้,เธอคงจะไม่สงสัยว่าทำไมเธอถึงมาอยู่ในจุดนี้ได้พวกนั้นไม่คู่ควรกับเธอหรอก”
667,Invite  them to my new house my new house,เชิญพวกเขามาที่บ้านใหม่ของฉัน,ชวนสาวๆมาบ้านหลังใหม่ของฉันบ้านหลังใหม่ของฉัน
668,Yes you do,ใช่เธอทํา,ใช่เลยคุณสวยมาก
669,I was mistaken by the way you loved me,ฉันถูกเข้าใจผิดโดยวิธีที่คุณรักฉัน,ฉันเข้าใจผิดไปด้วยท่าทางที่เธอบอกว่ารักฉัน
670,You do not have to say nothing,คุณไม่จําเป็นต้องพูดอะไร,เธอไม่ต้องบอกอะไรเลยก็ได้นะ
671,Do not leave me out here dancing alone,อย่าปล่อยให้ฉันออกไปที่นี่เต้นคนเดียว,อย่าปล่อยให้ฉันอยู่ตรงนี้เต้นรำคนเดียวเลย
672,You could not stop if you tried it,คุณไม่สามารถหยุดได้ถ้าคุณลองมัน,เธอหยุดไม่ได้ถึงแม้จะพยายามแล้ว
673,When you blow my mind,เมื่อเธอเป่าใจของฉัน,เมื่อเธอทำให้ฉันคลั่งไป
674,I know you never get just what you see,ฉันรู้ว่าคุณไม่เคยได้รับสิ่งที่คุณเห็น,ฉันรู้ว่าเธอไม่เคยได้แค่สิ่งที่เห็นเท่านั้น
675,Been sitting eyes wide open behind these four walls hoping you would call,รับตากว้างเปิดอยู่ด้านหลังผนังสี่นี้หวังว่าคุณจะโทร,ฉันนั่งตาสว่างอยู่ในห้องนี้หวังว่าเธอจะโทรมา
676,I was too dumb to see it,ฉันโง่เกินไปที่จะเห็นมัน,ฉันคงโง่เกินกว่าจะเห็น
677,Fuck the fame keep cheating on me,บ้าจริงชื่อเสียงนอกใจฉัน,ช่างหัวชื่อเสียงแม่งสิมีแต่คอยหักหลังฉัน
678,He do not try at all though,เขาไม่ลองเลย,แต่เขาไม่ได้พยายามอะไรเลย
679,Get at me punk I was made for that,มารับฉันพังค์ที่ฉันทํา,มาสู้กับฉันเลยสิไอกุ๊ยฉันเกิดมาเพื่อสิ่งนี้แหละ
680, Where have all the good men gone,ที่ไหนมีผู้ชายดีทุกคนหายไป,คนดีๆหายไปไหนหมดนะ
681,I am getting used to receiving,ฉันกําลังชินกับการได้รับ,ฉันเคยชินกับการเป็นผู้รับ
682,I am loving on the thought that you might be the one,ฉันรักความคิดที่คุณอาจเป็นคน,ฉันหลงรักความคิดที่ว่าเธออาจจะเป็นคนที่ใช่สำหรับฉัน
683,Tell me I am the only one,บอกฉันมาว่าฉันเป็นคนเดียว,บอกฉันว่าฉันเป็นหนึ่งเดียวในใจเธอ
684,You me us them,เธอช่วยฉันด้วย,เธอฉันพวกเราพวกเขา
685,Yeah you and me we can light up the sky,ใช่เธอกับฉันพวกเราสามารถส่องแสงท้องฟ้าได้,เธอและฉันจะทำให้ท้องฟ้าสว่างสไว
686,He lights a cigarette you know I am glad that she cannot stand it oh…,เขาจุดบุหรี่ที่เธอรู้ว่าฉันดีใจที่หล่อนทนไม่ได้ละ,เขาจุดบุหรี่รู้มั้ยว่าฉันดีใจที่แฟนของเขาทนกลิ่นบุหรี่ไม่ได้
687,You are an angel,เธอคือนางฟ้า,เธอเป็นเหมือนนางฟ้า
688,I am high on believing,ฉันสูงในการเชื่อ,ฉันเชื่อมั่นสุดหัวใจ
689,Ooh yeah choir singing “Hallelujah” Baby babe,โอ้อือประสานเสียงร้องร้องร้องเบบี้,วงประสานเสียงที่ร้อง“ฮาเลลูยาห์”
690,And I could do it all night,และฉันทําได้ทั้งคืนเลย,แล้วก็จะจ้องไปทั้งคืนเลย
691,I will be right by your side,อยู่ข้างๆคุณเลยค่ะ,ฉันจะอยู่ข้างเธอนะ
692,Because I feel the unconditional love,เพราะฉันรู้สึกถึงความรักที่ไม่มีเงื่อนไข,เพราะฉันรู้สึกได้ถึงความรักที่ไม่มีเงื่อนไข
693,Trap jumpin’ I am ring ring ringin’,ดักเม็ทแท็บ-ฉันดังแหวนละฮะฮ่า,ระหว่างขายยาโทรศัพท์ก็ดังไม่หยุด
694,And if someday you feel alone and everything caves in when you try to breathe,และสักวันหนึ่งคุณจะรู้สึกโดดเดี่ยวและทุกอย่างอยู่ในถ้ําเมื่อคุณพยายามหายใจ,และหากวันหนึ่งเธอรู้สึกเดียวดายและทุกๆอย่างมันอัดแน่นเข้ามาในเวลาที่เธอพยายามจะหายใจ
695,He be handcuffing he should work for them officers,เขาระวังเขาควรทํางานให้กับเจ้าหน้าที่ของพวกเขา,แฟนของเธอจะต้องกักขังเธอไว้แน่ๆเขาน่าจะไปเป็นตำรวจนะ
696,It is alright It is not alright,ไม่เป็นไรมันไม่เป็นไร,ไม่เป็นไรหรอกมันไม่โอเคเลย
697, Far apart wanting you close,ห่างไปไกลอยากให้เธอปิด,อยู่ห่างไกลกันฉันต้องการเธอมาชิดใกล้
698,It is a warning baby,มันเป็นคําเตือนของทารก,นี่คือคำเตือนนะ
699,As all the signals are sent her eyes invite you to approach,เมื่อสัญญาณทั้งหมดถูกส่งเข้าตาของเธอเชิญคุณเข้าหา,สัญญาณถูกส่งออกมามากมายสายตาของเธอเชื้อเชิญให้นายเข้าไปหา
700,kimi to subarashii koishi yō,ไปที่ซีซีซีซีแอลดอทคอม,จะมีความรักกับเธอให้มันพิเศษไปเลย
701,You gon’ have the greatest sex,คุณsupereมีเพศสัมพันธ์ที่ยิ่งใหญ่ที่สุด,เธอจะได้เจอกับเซ็กซ์ที่เยี่ยมที่สุดเลยล่ะ
702,I am the one yeah,ใช่เลยค่ะ,ฉันคือหมายเลขหนึ่ง
703,Add a Moe Dee and a Double L,เอาดีนี่ดีและดับเบิ้ลแอล,KoolMoedeeกับLLCoolJไง
704,Girl you know what it is,คุณผู้หญิงที่รู้ว่ามันคืออะไร,สาวๆรู้ใช่มั้ยฉันพูดถึงอะไร
705,In your darkest nights,ในคืนที่มืดที่สุดของคุณ,ในค่ำคืนที่แสนมืดมน
706,I wonder why you make believe,ฉันสงสัยว่าทําไมคุณถึงเชื่อ,ฉันสงสัยว่าทำไมเธอถึงเชื่อ
707,If I could just keep you here one more weekend,ถ้าฉันสามารถทําให้คุณอยู่ที่นี่อีกหนึ่งสัปดาห์,หากฉันเก็บเธอไว้กับฉันได้อีกสักสุดสัปดาห์หนึ่ง
708,for a while for a while,สักพักนะคะ,มีอะไรดีๆ
709, But there is a scream inside that we all try to hide,แต่มีเสียงกรีดร้องอยู่ข้างในที่เราทุกคนพยายามซ่อน,แต่ในใจเราทุกคนต่างมีเสียงกรีดร้องที่เราพยายามจะปิดบังมันอาไว้
710,There is no greater treasure than you Oh you,ไม่มีสมบัติที่ดีไปกว่าเธอโอ้เธอ,ไม่มีสมบัติชิ้นไหนล้ำค่าไปกว่าเธอแล้ว
711,The harder out the harder I come back around,ยากขึ้นที่ฉันกลับมา,ยิ่งขว้างออกไปแรงเท่าไหร่ฉันก็ยิ่งกลับมาแรงเท่านั้น
712,Last words that I said,คําพูดสุดท้ายที่ฉันพูด,นั่นคือสิ่งสุดท้ายที่ฉันพูด
713,And I could care less right now,และฉันก็สามารถดูแลน้อยลงได้ในตอนนี้,และฉันก็ยังแคร์เธออยู่นะ 
714,But maybe I should wait,แต่บางทีฉันควรรอ,แต่บางทีฉันก็ควรจะรอ
715,Twenty bucks and a,ยี่สิบเหรียญกับหนึ่งดอลล่าร์ค่ะ,20ดอลและก็
716, She is watching the taxi driver he pulls away,เธอกําลังดูคนขับแท็กซี่ที่เขาดึงออกไป,เธอนั่งมองคนขับแท็กซี่เขาถอยรถออกไป
717,How you fuck it up girl it is not fair,เธอช่างมันช่างเป็นยังไงผู้หญิงมันไม่ยุติธรรมอ่ะ,แต่เธอก็ทำลายมันป่นปี้มันไม่ยุติธรรมเลยจริงๆ
718,Somewhere the sun’s still shinning,สักที่ที่ที่เดอะแคปสันส์ยังว่างอยู่นะ,ยังคงมีดวงตะวันส่องสว่างอยู่ที่ไหนสักแห่งนะ
719,You dream about going up there,เธอฝันจะไปที่นั่น,เธอฝันว่าจะได้ขึ้นไปเหนือน้ำ
720,Not alone Not alone,ไม่คนเดียวไม่ใช่คนเดียว,ไม่ได้อยู่คนเดียวไม่ได้อยู่คนเดียว
721,Pero no te ponga como una chonga,และไม่มีการเชื่อมต่ออย่างต่อเนื่องและอย่างต่อเนื่อง,แต่อย่าทำตัวเหมือนChongaนะ
722,Oh just pretend I like you,โอ้แค่แกล้งทําเป็นว่าฉันชอบเธออ่ะ,แค่แสร้งทำเป็นว่าฉันชอบเธอก็พอ
723,That is a promise you once made,นั่นคือสัญญาที่คุณเคยทําแล้ว,นั่นคือคำสัญญาที่เธอเคยให้ไว้
724,By no means average,ไม่หมายถึงเฉลี่ยอ่ะ,เธอไม่ใช่ผู้หญิงธรรมดาเลยจริงๆ
725,Damn it damn girl,บ้าจริงมันบ้าจริงผู้หญิง,ให้ตายสิ
726,Shimmy shimmy oh,สั่นไหวพลิ้วไหว,ส่ายเข้าไป
727, Oh I’mma make sure that you feel alive,โอ้ไม่นะทําให้แน่ใจว่าเธอรู้สึกมีชีวิตนะ,ฉันจะทำให้เธอมั่นใจว่าเธอนั้นจะรู้สึกมีชีวิตชีวา
728,And I hope what is left will last all summer long,และฉันหวังว่าสิ่งที่เหลืออยู่จะคงอยู่ตลอดฤดูร้อน,ฉันหวังว่าสิ่งที่เหลืออยู่มันจะคงอยู่ไปตลอดทั้งฤดูร้อนนะ
729,Nope,ไม่อ่ะ,ไม่ล่ะ
730,In these times I need a saving grace but time is running out and I am starting to lose my faith,ในช่วงเวลาเหล่านี้ฉันต้องการความสง่างามที่ประหยัดแต่เวลาหมดไปและฉันเริ่มสูญเสียศรัทธาของฉัน,ในช่วงเวลาเหล่านี้ฉันต้องการผู้ช่วยชีวิตแต่เวลานั้นกำลังจะหมดลงและฉันก็เริ่มจะสูญสิ้นศรัทธา
731,You piece of shit you broke me down,เธอเป็นขยะที่เธอทําให้ฉันผิดหวังอ่ะ,ไอเหี้เอ๊ยแกทำลายฉัน
732,Ohhhoh summer wine,ไวน์ในฤดูร้อน,ไวน์ฤดูร้อน
733,Just pray over me now,แค่ภาวนามาหาฉันตอนนี้,ภาวนาให้ฉันก็พอ
734,We are insane,พวกเราบ้าอ่ะ,เรามันบ้า
735,And tell  them you will be here in the morning oh no,แล้วบอกพวกเขาว่าเธอจะอยู่ที่นี่ในตอนเช้าโอ้ไม่นะ,จะบอกทุกๆคนว่าเธอน่ะอยู่กับฉันในตอนเช้า
736,Run down,วิ่งลงไป,ที่จะเดินต่อไปเลย
737,It gets so complicated,มันซับซ้อนมาก,มันยุ่งยากขึ้นทุกที
738, Now that she is back from that soul vacation,ตอนนี้เธอกลับมาจากวันหยุดวิญญาณนั้น,ตอนนี้เธอก็กลับมาจากการพักผ่อนหัวใจนั้นแล้ว
739,I hear that Father Dipp,ฉันได้ยินมาว่าพระบิดา,ฉันได้ยินเพลงของLouisArmstrong
740,Everyday did my letters find their way,ทุกๆวันจดหมายของฉันหาทางของพวกเขา,ทุกๆวันมันส่งถึงเธอบ้างรึเปล่านะ
741,Have not you heard the rumours,คุณไม่เคยได้ยินข่าวลือ,ได้ยินข่าวลือนั่นรึยังล่ะ
742,Forgave me for all of my shortcomings,บอกฉันสําหรับข้อบกพร่องทั้งหมดของฉัน,ยกโทษให้ด้วยที่ฉันไม่ได้แวะเวียนกลับมาบ่อยนัก
743,Every try every breakthrough and every cry,ทุกครั้งที่ลองทุกความก้าวหน้าและทุกร้องไห้,ทุกๆความพยายามทุกๆความสำเร็จและทุกๆหยาดน้ำตา
744,Father sorry Father sorry,พ่อขอโทษด้วยนะพ่อขอโทษ,คุณพ่อลูกขอโทษ
745,Just keep breathin’ and breathin’ and breathin’ and breathin’,แค่เก็บซีซีเอสและซีซีเอสและซีซีแอลอ่ะ,แค่หายใจลึกๆ
746,I are not sayin this shit again ho you know what it is,ฉันไม่ได้บอกว่าอึนี้อีกครั้งคุณรู้ว่ามันคืออะไร,และฉันจะไม่พูดอะไรรู้นะว่าเรื่องอะไร
747,An age is dawning with our smiles and laughter our smiles and laughter,วัยเริ่มต้นด้วยรอยยิ้มและเสียงหัวเราะของพวกเราและการหัวเราะ,ยุคสมัยกำลังเริ่มต้ขึ้นด้วยรอยยิ้มและเสียงหัวเราะของเรา
748,Running out of pages in your passport,หมดหน้าหนังสือเดินทางของคุณ,หน้าพาสปอร์ตเธอใช้จนหมดเล่ม
749,I want the credit if I am losin’ or I am winnin’,ฉันต้องการเครดิตหากฉันเป็นเดสโตนหรือฉันไม่ว่างอ่ะ,ฉันต้องการเครดิตไม่ว่าจะแพ้หรือชนะ
750,Shining so hard like a Grammy,ความเงางามเหมือนมี่แกรมมี่,เปล่งประกายสว่างไสวเหมือนรางวัลแกรมมี่
751,Weaves it is spell upon your heart ,สนุกกับการสะกดคําในใจของคุณ,และถักทอเวทมนตร์ลงบนหัวใจเธอ
752,Always had my palms itchin’ time to get it,มีฝ่ามือของฉันเสมอ-เวลาที่จะได้รับมัน,มือฉันคันอยากได้เงินเสมอถึงเวลาต้องไปหาเงินแล้ว
753,It is time to go home now and I have got an aching head,มันถึงเวลาแล้วที่จะกลับบ้านและฉันปวดหัว,ถึงเวลากลับบ้านแล้วและฉันก็ปวดหัวจัง
754,All that I want is a hole in the ground,ทั้งหมดที่ฉันต้องการคือหลุมในพื้นดิน,ที่ฉันต้องการก็แค่หลุมบนพื้น
755,And who would have ever guessed it would last through it all,และใครจะเดาได้มันจะผ่านมันไปได้ทั้งหมด,และใครจะไปคิดล่ะว่ามันจะคงอยู่มานานขนาดนี้
756,Cut myself on angel’s hair and baby’s breath,มาตัดตัวเองบนเส้นผมและลมหายใจไม่ออก,กรีดเนื้อตัวเองเพราะหวาดกลัวการแต่งงานและการมีลูก
757,Ooh you like the bad ones too,โอ้เธอชอบอันที่ไม่ดีเหมือนกันนะ,เธอชอบคนแสบๆเหมือนกันนี่นา
758, Now I know what is good for me,ตอนนี้ฉันรู้ว่าอะไรดีสําหรับฉัน,ตอนนี้ฉันรู้แล้วว่าอะไรดีสำหรับฉัน
759,My love,ที่รักของฉัน,ที่รัก
760,To the middle of nowhere,ตรงกลางของแถวนั้นน่ะ,ยังที่ที่ไร้ซึ่งผู้ใดรู้จัก
761,I am not perfect but I keep trying because that is what I said I would do,ฉันไม่ได้สมบูรณ์แบบแต่ฉันพยายามต่อไปเพราะนั่นคือสิ่งที่ฉันบอกว่าฉันจะทํา,ฉันไม่ได้สมบูรณ์แบบแต่ฉันก็ยังคงพยายาม
762,One kiss is all it takes,หนึ่งจูบคือทั้งหมดที่ใช้,แค่จูบเดียวก็เพียงพอแล้ว
763,Good hair down her back,ผมที่ดีทําให้เธอกลับมา,ผมสวยๆบนหลังของเธอ
764,I am good I am good I am good,ฉันสบายดีฉันสบายดี,ฉันโอเคแล้ว
765, akaku somaru keshiki ni watashi wa utau ,",,น้ากิง",ฉันร้องเพลงออกมากับทิวทัศน์ที่ถูกย้อมไปด้วยสีแดงฉาน
766,But you said we had what it takes,แต่คุณบอกว่าเรามีสิ่งที่ต้องทํา,แต่เธอบอกว่าเราก็มีทุกอย่างพร้อมแล้วนะ
767,There is nothing you can throw at me,ไม่มีอะไรที่คุณสามารถโยนฉันได้,ไม่มีอะไรที่เธอจะว่าฉันได้
768,She flew like an angel and that made me want her more want her more,เธอบินเหมือนนางฟ้าและทําให้ฉันต้องการเธอมากขึ้น,เธองดงามดั่งนางฟ้าและทำให้ฉันต้องการเธอมากขึ้นอีก
769, I came I saw I conquered,ฉันเห็นฉันเอาชนะ,ฉันมาถึงฉันเห็นเธอและฉันก็ครองใจเธอ
770,When I am in control when I am out of my mind This could be the day,เมื่อฉันอยู่ในการควบคุมเมื่อฉันไม่อยู่ในใจนี่อาจเป็นวันที่,เมื่อฉันเป็นผู้ควบคุมเมื่อฉันเสียสติไปวันนี้แหละ
771,Thank god I had him askin’ why the fuck he ever came in the first place with them camera’s rollin’ in action,ขอบคุณพระเจ้าฉันมีเขาละบ้าอะไรเนี่ยเขาเคยมาในที่แรกกับพวกเขาบ้าจริงในการกระทํา,ขอบคุณพระเจ้าที่ฉันมีเขาอยู่ถามว่าทำไมเขาเข้ามาพร้อมกล้องที่อัดอยู่ตั้งแต่ทีแรกล่ะ
772,This world can put a hole in your soul sometimes,โลกนี้สามารถใส่หลุมในจิตวิญญาณของคุณบางครั้ง,บางครั้งโลกนี้มันจะสร้างหลุมเปล่าๆในจิตวิญญาณของลูก
773,I have always known where you stand,ฉันรู้จักคุณยืนอยู่ที่ไหนเสมอ,ฉันรู้ว่าเธออยู่อยู่เคียงข้างกันมาเสมอ
774,What have I been so afraid of,ฉันกลัวอะไรมาก,ฉันกลัวอะไรนักหนานะ
775, And you try your best to just keep up,และคุณพยายามให้ดีที่สุดเพื่อติดตาม,และเธอก็พยายามทนต่อไป
776,Like a rat inside a maze,ชอบหนูข้างในเขาวงกต,เหมือนกับหนูในเขาวงกต
777,How do I feel so mighty small,ฉันรู้สึกได้อย่างไรถึงขนาดที่เล็กมาก,ฉันรู้สึกไร้พลังขนาดนี้ได้ยังไงนะ
778,Like you used to do,เหมือนเธอเคยทําอ่ะ,รักฉันอย่างที่เคย
779,Ohohoh here ohohoh here,(หัวเราะ)อยู่ที่นี่ละ(หัวเราะ),ขออยู่ตรงนี้
780,And I know it is not that simple,และฉันรู้ว่ามันไม่ง่ายขนาดนั้น,ฉันรู้ว่ามันไม่ง่ายขนาดนั้น
781,Here comes the sun doo doo doo doo,ดูมาดูแดดดูแล้วค่ะดูไม่ดู,แล้วดวงตะวันก็ขึ้นแล้ว
782,Come vibe with me get high with me,มาบรรยากาศกับฉันสักหน่อย,มาสนุกกับฉันสิเมากันกับฉัน
783,I am standing on the edge and I do not know what else to give,ฉันกําลังยืนอยู่บนขอบและฉันไม่รู้ว่าจะให้อะไรอีก,ฉันยืนอยู่บนขอบผาและไม่รู้ว่าควรจะมอบอะไรให้อีกแล้ว
784,When you would hold my hand,เธอจะถือมือฉันไว้เมื่อไหร่อ่ะ,ที่พ่อแม่จับมือฉัน
785,But a home girl look like Scarlet Jo,แต่ผู้หญิงที่บ้านดูเหมือนScarletJo,แต่เธอก็ดูเหมือนScarlettJohansson
786,I are not tryin’ to hurt you,ฉันไม่กล้าทําร้ายเธอหรอก,ไม่ได้อยากจะทำร้ายเธอเลย
787,Because I remember when my father put his fist through,เพราะฉันจําได้เมื่อพ่อของฉันใส่กําปั้นของเขาผ่าน,เพราะฉันจำตอนที่พ่อของฉันต่อยทะลุ
788,Now I need someone to breathe me back to life,ตอนนี้ฉันต้องการให้ใครสักคนหายใจฉันกลับไปมีชีวิต,ตอนนี้ฉันต้องการใครสักคนมาต่อลมหายใจให้ฉันกลับมามีชีวิตได้อีกครั้ง
789,You got a baby Benz you got some bad friends,มีเบบี้เบนซ์คุณมีเพื่อนแย่ๆ,และเธอก็มีรถเบนซ์มีเพื่อนแซ่บๆ
790,Black because if I do not,สีดําเพราะถ้าฉันไม่ทํา,ความมืดมิดเพราะหากไม่ทำแบบนั้น
791, Just little children,แค่เด็กเล็กๆ,แค่เด็กตัวน้อย
792,Every time they put you down you get up stronger,ทุกครั้งที่พวกเขาทําให้คุณแข็งแกร่งขึ้น,ทุกๆครั้งที่พวกใครมาทำให้เธอล้มลงเธอก็จะลุกขึ้นมาอย่างเข้มแข็งขึ้น
793,Or the combination of both that did me wrong,หรือการรวมกันของทั้งสองที่ฉันผิด,หรือเพราะทั้งสองอย่างกันนะที่ทำให้ฉันมันเลวร้ายขนาดนั้น
794,Even pull,แม้แต่ดึง,หรือแม้แต่จะคอย
795,I want you to know that you are the only one for me one for me,ฉันอยากให้คุณรู้ว่าคุณเป็นคนเดียวสําหรับฉัน,ฉันอยากให้เธอรู้ไว้ว่าเธอเป็นเพียงคนเดียวสำหรับฉัน
796,Rocking the building tear it down like we king kong,โยกอาคารฉีกมันเหมือนที่เราคิงเคย์,เขย่าตึกถล่มมันลงเหมือนเราเป็นคิงคอง
797, A place of hope and no pain perfect skies with no rain,สถานที่แห่งความหวังและไม่มีอาการปวดฟากฟ้าที่สมบูรณ์แบบโดยไม่มีฝน,สถานที่แห่งความหวังและไร้ซึ่งความเจ็บปวดท้องฟ้าที่แสนเพอร์เฟคปราศจากซึ่งสายฝน
798,Do not want to see all the things I have seen,ไม่ต้องการเห็นทุกสิ่งที่ฉันเห็น,ไม่อยากจะมาเห็นในสิ่งที่ฉันได้เห็น
799, Hey,เฮ้,เฮ้
800,So I can keep buying cars off Elon Musk,ดังนั้นฉันสามารถซื้อรถยนต์ออกไปได้เช่นกัน-มัสค์,จะได้ซื้อรถต่อจากอีลอนมัสก์ได้
801,All the golden ones who were lifted on a wing,สีทองทั้งหมดที่ถูกยกขึ้นในปีก,ทุกๆคนที่แสนล้ำค่าผู้ถูกอุ้มขึ้นไปบนปีกข้างนั้น
802, Girl you are like an elevator cuz you always pick me up,เพื่อนเธอเป็นเหมือนลิฟท์เพราะเธอมารับฉันเสมอ,สาวน้อยเธอนั้นเหมือนกับลิฟท์เลยนะเพราะเธอทำให้ฉันลุกยืนขึ้นได้ทุกที
803,By the rain my Charlemagne,ฝนของชาร์เลอมานของฉัน,ด้วยสายฝนกษัตริย์ชาร์เลอมาญของฉัน
804,I get so caught up in everything around me moving quickly,ฉันจมอยู่กับทุกสิ่งรอบตัวฉันเคลื่อนไหวอย่างรวดเร็ว,ฉันมัวแต่ติดพันอยู่กับทุกๆสิ่งรอบตัวฉันจนทุกๆอย่างมันเคลื่อนไปเร็วเหลือเกิน
805,You lift me up,เธอมารับฉัน,เธอช่วยดึงฉันขึ้นมา
806,Because they know how to show you love,เพราะพวกเขารู้วิธีแสดงให้คุณรัก,เพราะพวกเธอรู้ว่าจะแสดงความรักยังไง
807,If you are coming with me ,ถ้าเธอไปกับฉัน,หากเธอมาด้วยกันกับฉัน
808,Hoping it might turn sweet again,หวังว่ามันจะกลับหวานอีกครั้ง,หวังว่ามันจะกลับมาหวานซึ้งอีกครั้ง
809,She takes her pills,เธอกินยาเม็ด,เธอกินยา
810,So make a move while you are still breathing,ดังนั้นให้เคลื่อนไหวในขณะที่คุณยังหายใจอยู่,รีบๆทำอะไรเข้าซะตอนที่เธอยังมีลมหายใจนะ
811,I swear their lives will not be lost in vain,ฉันสาบานว่าชีวิตของพวกเขาจะไม่เสียอย่างไร้ประโยชน์,ฉันสาบานว่าชีวิตพวกเขาจะไม่สูญเปล่า
812, Tomorrow’s way too far away,ยังไงก็ไกลไปอ่ะ,วันพรุ่งนี้มันอยู่ไกลเกินไป
813,When I said “I need some time need some space,ตอนที่ฉันบอกเขาว่าต้องการบางที่อ่ะ,ตอนที่ฉันบอกว่า“ฉันต้องการเวลาขอห่างกันสักพัก
814,I gave you everything and now there is nothing left of me,ฉันให้ทุกอย่างแก่คุณและตอนนี้ไม่มีอะไรเหลือจากฉัน,ฉันให้ทุกๆอย่างกับเธอไปหมดจนตอนนี้ฉันไม่เหลืออะไรแล้ว
815,And the poets down here,และกวีลงที่นี่,และนักกวีตรงนี้
816,And round and round,และรอบและรอบนอก,วนไปวนมา
817,You have got to step into my world,คุณต้องก้าวเข้าสู่โลกของฉัน,เธอต้องก้าวเข้ามาในโลกของฉัน
818,I need someone,ฉันต้องการใครสักคน,ฉันต้องการใครสักคน
819,So take my hand and home we will go,ดังนั้นเอามือและบ้านของฉันเราจะไป,จับมือฉันไว้และเราจะกลับบ้านกัน
820,Looking for some trouble tonight,กําลังหาปัญหาสําหรับคืนนี้ค่ะ,วิ่งหาปัญหาในคืนนี้
821,Is believing,คือเชื่อ,คือการเชื่อแล้ว
822,You believe you will find your wings,คุณเชื่อว่าคุณจะพบปีกไก่ของคุณ,เชื่อไว้ว่าเธอจะพบปีกของเธอจนได้
823,But I are not got no time to dwell on it,แต่ฉันไม่มีเวลาจะติดอยู่กับมัน,แต่ฉันไม่มีเวลามานั่งเสียใจเรื่องนั้นหรอก
824,I am going to start all over,ฉันจะเริ่มใหม่ทั้งหมด,ฉันจะเริ่มต้นใหม่อีกครั้ง
825,Ever wonder if it is all for you,เคยสงสัยว่ามันทั้งหมดสําหรับคุณ,สงสัยมั้ยว่าทุกอย่างนั่นก็เพื่อฌะอ
826,If that is what you want to do Oh yeah,ถ้านั่นคือสิ่งที่คุณต้องการทําโอ้ใช่,หากนั่นคือสิ่งที่เธอต้องการจะทำ
827,Because I am halfway gone and I am on my way,เพราะฉันไปครึ่งทางและฉันกําลังไป,เพราะเธอน่ะไกลห่างจากฉันไปครึ่งทางแล้วและฉันเองก็กำลังเดินทางออกมาเหมือนกัน
828,No do not tell me you are sorry,ไม่ไม่ไม่ได้บอกฉันว่าเธอขอโทษ,อย่าบอกฉันนะว่าเธอน่ะเสียใจ
829,There is layers to this shit player tiramisu tiramisu,มีเลเยอร์ที่จะเครื่องเล่นบ้าทีรามิสุรามิสุ,เมืองนี้มันดูมีหลายชั้นหลายระดับเหมือนทิรามิสุดีนะ
830,I am so damn tired I cannot get outta my head,ฉันโคตรเหนื่อยเลยฉันไม่สามารถออกจากหัวของฉันได้,ฉันเหนื่อยเหลือเกินและเอาความคิดนี้ออกไปจากหัวไม่ได้ซักที
831, When it comes to men it is known,เมื่อมันมาถึงผู้ชายมันเป็นที่รู้จัก,เมื่อเป็นเรื่องของผู้ชายก็รู้กันดี
832,If we did not return with a big rocket launcher,หากเราไม่ได้กลับมาด้วยเครื่องยิงจรวดขนาดใหญ่,ถ้าเราไม่กลับไปพร้อมกับปืนร็อคเก็ตลอนเชอร์กระบอกใหญ่
833,I will give you my heart girl but you got to promise Prometeme mami,ฉันจะให้หัวใจของฉันแก่เธอแต่เธอต้องสัญญากับผู้หญิง,ฉันจะมอบหัวใจให้เธอแต่เธอต้องสัญญานะ
834,How will I see,ฉันจะเห็นได้อย่างไร,ฉันจะมองเห็นอะไรได้ยังไง
835,Well baby they are tumbling down,อืมเด็กๆที่ร่วงลงมาน่ะ,ที่รักมันกำลังพังทลายลงมา
836,And by His grace I am released,และโดยพระคุณของพระองค์ฉันถูกปล่อยออกมา,และด้วยบารมีของฉันฉันจะถูกปลดปล่อย
837,Rake it up rake it up rake it up,โกยมันขึ้นมาเสาะหามันขึ้นมา,แล้วกวาดเงินไปให้หมด
838,With brains that could explain,ด้วยสมองที่สามารถอธิบายได้,ที่มีสมองพร้อมจะอธิบาย
839,Yeah I am going to regret it,ใช่ฉันจะเสียใจ,ฉันจะต้องเสียใจทีหลังแน่ๆ
840,Uncry this tears,น้ําตานี้เสียอ่ะ,ทำให้น้ำตาเหล่านี้เหือดแห้งไปที
841,Admit that it hurts you,ฮะฮะฮะฮะฮ่านั่นมันทําร้ายเธอละ,ที่จะยอมรับว่ามันทำให้เธอเจ็บ
842,Forever and ever on repeat on repeat oh,ตลอดไปและเคยทําซ้ําซ้ําในซ้ําโอ้,ซ้ำอยู่อย่างนั้นไปตลอดกาล
843,Shawty said oh lord I am coming I said me too,Shawtyบอกว่าโอ้พระเจ้าฉันกําลังมาฉันก็บอกฉันเหมือนกัน,เธอพูดว่า“โอวพระเจ้าฉันจะแตกแล้ว”ฉันตอบไป“ฉันก็เหมือนกัน”
844,No one will love you if you are unattractive,ไม่มีใครจะรักคุณถ้าคุณไม่สวย,ไม่มีใครรักเธอแน่ๆถ้าเธอไม่น่าดึงดูด
845,You better humble down,เธอถ่อมตนลงดีกว่านะ,ทำตัวดีๆล่ะ
846,Are not thinkin’ bout your son and daughter rooms,ไม่ยุ่งเกี่ยวกับลูกชายและห้องลูกสาวของเธอเหรอ,แต่ก็ไม่ได้ไปทำอะไรลูกๆแกหรอกนะ
847,Will you still love me when I am no longer beautiful,เธอยังรักฉันอยู่ไหมเมื่อฉันไม่ได้สวยอีกต่อไป,คุณจะยังคงรักฉันไหมเมื่อฉันไม่งดงามอีกแล้ว
848,You all whole pass is in danger ten Mississippi,พวกเธอทุกคนผ่านทั้งหมดตกอยู่ในอันตรายสิบมิสซิสซิปปี,พวกแกจะต้องเจออันตรายแล้วล่ะฉันนับถึง10แล้ว
849,Cannot you see that I have been crying,เธอไม่เห็นเหรอว่าฉันร้องไห้,เธอไม่เห็นหรอว่าฉันร้องไห้มา
850,I I was not even going to go out,ฉันไม่แม้แต่จะออกไปข้างนอก,ตอนนั้นฉันไม่ได้คิดจะออกไปไหนเลยนะ
851, A love so deep nothing else like it,ความรักที่ลึกล้ําไม่มีอะไรอื่นชอบมัน,ความรักที่แสนลึกซึ้งไม่มีอะไรเหมือน
852,I honestly love you,ฉันรักเธอจริงๆนะ,ฉันรักเธอจากใจจริงเลยนะ
853, Find a way through the grey grey area,หาทางผ่านบริเวณสีเทา,ค้นหาเส้นทางออกไปจากพื้นที่สีเทา
854,In the wind how can it end,ในลมมันจะจบลงอย่างไร,มันจบลงไปกับสายลมได้ยังไงกันนะ
855,I do not want to run I do not want to lie I do not want to say or tell you why,ฉันไม่ต้องการวิ่งฉันไม่ต้องการโกหกฉันไม่ต้องการพูดหรือบอกคุณว่าทําไม,ฉันไม่อยากจะวิ่งหนีไม่อยากจะโกหกไม่อยากจะร้องเพลงและบอกเหตุผลเธอ
856,On such a winter’s day,ในวันที่เลวร้ายเช่นนี้,ในวันหนึ่งของฤดูหนาว
857,Sensual politics,การเมืองแบบเข้มข้น,การเมืองกระตุ้นอารมณ์
858,But we cannot go back,แต่พวกเราไม่สามารถกลับไปได้,แต่เรากลับไปไม่ได้อีกแล้ว
859,I do it all for a home,ฉันทําทั้งหมดเพื่อบ้าน,ฉันทำทุกอย่างเพื่อให้มีบ้าน
860,You do not have to try try try try,คุณไม่จําเป็นต้องลองลอง,ไม่ต้องพยายามอะไรเลย
